,Category,Not Suppressed,&lt; 1000,&lt; LDL,Suppression,90% Target,year,month
0,Nairobi,1440,918,7360,85.2,90,2015,1
1,Homa Bay,1383,772,6909,84.7,90,2015,1
2,Kisumu,1138,626,4042,80.4,90,2015,1
3,Siaya,1383,984,3375,75.9,90,2015,1
4,Migori,662,403,3452,85.3,90,2015,1
5,Nakuru,450,46,1763,80.1,90,2015,1
6,Kiambu,296,137,1778,86.6,90,2015,1
7,Busia,255,229,991,82.7,90,2015,1
8,Uasin Gishu,250,217,975,82.7,90,2015,1
9,Kisii,480,325,569,65.1,90,2015,1
10,Meru,164,10,973,85.7,90,2015,1
11,Machakos,179,21,887,83.5,90,2015,1
12,Nyeri,133,57,788,86.4,90,2015,1
13,Nyandarua,154,24,734,83.1,90,2015,1
14,Kajiado,172,23,687,80.5,90,2015,1
15,Kericho,131,104,532,82.9,90,2015,1
16,Mombasa,189,31,528,74.7,90,2015,1
17,Narok,154,26,551,78.9,90,2015,1
18,Tharaka Nithi,143,14,543,79.6,90,2015,1
19,Kitui,171,6,491,74.4,90,2015,1
20,Makueni,113,10,467,80.8,90,2015,1
21,Kirinyaga,70,40,467,87.9,90,2015,1
22,Bungoma,92,103,362,83.5,90,2015,1
23,Embu,102,5,401,79.9,90,2015,1
24,Nandi,82,78,318,82.8,90,2015,1
25,Muranga,63,27,364,86.1,90,2015,1
26,Laikipia,85,7,347,80.6,90,2015,1
27,Kakamega,85,6,313,79.0,90,2015,1
28,Bomet,76,47,258,80.1,90,2015,1
29,Turkana,145,8,214,60.5,90,2015,1
30,Trans Nzoia,69,67,205,79.8,90,2015,1
31,Kilifi,73,17,191,74.0,90,2015,1
32,Nyamira,45,1,199,81.6,90,2015,1
33,Isiolo,11,2,170,94.0,90,2015,1
34,Baringo,51,3,104,67.7,90,2015,1
35,Vihiga,32,2,123,79.6,90,2015,1
36,Garissa,9,0,59,86.8,90,2015,1
37,Marsabit,12,2,50,81.3,90,2015,1
38,West Pokot,8,12,29,83.7,90,2015,1
39,Taita Taveta,17,0,31,64.6,90,2015,1
40,Samburu,20,0,21,51.2,90,2015,1
41,Tana River,12,1,27,70.0,90,2015,1
42,Elgeyo Marakwet,5,6,16,81.5,90,2015,1
43,Lamu,8,1,12,61.9,90,2015,1
44,Kwale,6,0,9,60.0,90,2015,1
45,Wajir,0,0,0,0.0,90,2015,1
46,Mandera,0,0,0,0.0,90,2015,1
0,Kisumu,1164,536,5552,83.9,90,2015,2
1,Homa Bay,902,523,4576,85.0,90,2015,2
2,Siaya,1035,709,2918,77.8,90,2015,2
3,Migori,710,378,3367,84.1,90,2015,2
4,Nairobi,542,397,2737,85.3,90,2015,2
5,Busia,428,512,1767,84.2,90,2015,2
6,Uasin Gishu,387,301,1542,82.6,90,2015,2
7,Kericho,228,158,726,79.5,90,2015,2
8,Kiambu,162,87,859,85.4,90,2015,2
9,Meru,117,7,863,88.1,90,2015,2
10,Kakamega,149,27,761,84.1,90,2015,2
11,Kisii,206,149,529,76.7,90,2015,2
12,Nandi,172,164,482,79.0,90,2015,2
13,Bungoma,147,32,568,80.3,90,2015,2
14,Nakuru,138,11,591,81.4,90,2015,2
15,Mombasa,162,83,475,77.5,90,2015,2
16,Bomet,171,78,448,75.5,90,2015,2
17,Nyeri,95,61,506,85.6,90,2015,2
18,Machakos,131,11,492,79.3,90,2015,2
19,Kitui,137,2,487,78.1,90,2015,2
20,Nyamira,89,13,405,82.4,90,2015,2
21,Tharaka Nithi,93,5,369,80.1,90,2015,2
22,Embu,84,6,356,81.2,90,2015,2
23,Trans Nzoia,70,98,244,83.0,90,2015,2
24,Vihiga,67,4,311,82.5,90,2015,2
25,Kilifi,78,9,290,79.3,90,2015,2
26,Narok,112,22,235,69.6,90,2015,2
27,Kirinyaga,52,26,263,84.8,90,2015,2
28,Makueni,74,1,260,77.9,90,2015,2
29,Kajiado,87,9,222,72.6,90,2015,2
30,Laikipia,47,5,257,84.8,90,2015,2
31,Nyandarua,55,4,236,81.4,90,2015,2
32,Muranga,42,19,174,82.1,90,2015,2
33,Baringo,38,1,102,73.0,90,2015,2
34,Turkana,38,1,45,54.8,90,2015,2
35,Garissa,15,1,49,76.9,90,2015,2
36,Elgeyo Marakwet,7,23,30,88.3,90,2015,2
37,Tana River,16,2,40,72.4,90,2015,2
38,West Pokot,4,9,35,91.7,90,2015,2
39,Taita Taveta,10,0,16,61.5,90,2015,2
40,Marsabit,8,0,17,68.0,90,2015,2
41,Isiolo,0,0,20,100.0,90,2015,2
42,Kwale,7,0,7,50.0,90,2015,2
43,Samburu,5,0,5,50.0,90,2015,2
44,Wajir,0,0,0,0.0,90,2015,2
45,Mandera,0,0,0,0.0,90,2015,2
46,Lamu,0,0,0,0.0,90,2015,2
0,Kisumu,758,427,4040,85.5,90,2015,3
1,Siaya,937,544,3049,79.3,90,2015,3
2,Homa Bay,805,339,2964,80.4,90,2015,3
3,Migori,642,265,2307,80.0,90,2015,3
4,Nairobi,509,363,2331,84.1,90,2015,3
5,Kisii,540,541,1671,80.4,90,2015,3
6,Busia,522,503,1576,79.9,90,2015,3
7,Uasin Gishu,337,326,1301,82.8,90,2015,3
8,Kakamega,428,36,1377,76.8,90,2015,3
9,Kiambu,158,109,1130,88.7,90,2015,3
10,Bungoma,237,91,769,78.4,90,2015,3
11,Nakuru,202,32,828,81.0,90,2015,3
12,Kericho,211,135,715,80.1,90,2015,3
13,Mombasa,211,168,477,75.4,90,2015,3
14,Bomet,187,78,538,76.7,90,2015,3
15,Nandi,158,151,466,79.6,90,2015,3
16,Meru,109,18,638,85.8,90,2015,3
17,Kitui,161,19,584,78.9,90,2015,3
18,Nyamira,139,8,483,77.9,90,2015,3
19,Machakos,119,21,486,81.0,90,2015,3
20,Trans Nzoia,89,139,359,84.8,90,2015,3
21,Kajiado,95,25,420,82.4,90,2015,3
22,Vihiga,100,4,399,80.1,90,2015,3
23,Makueni,117,13,341,75.2,90,2015,3
24,Embu,67,12,360,84.7,90,2015,3
25,Nyeri,46,20,303,87.5,90,2015,3
26,Turkana,136,14,206,61.8,90,2015,3
27,Narok,72,35,234,78.9,90,2015,3
28,Kilifi,65,19,239,79.9,90,2015,3
29,Nyandarua,53,9,235,82.2,90,2015,3
30,Kirinyaga,45,17,195,82.5,90,2015,3
31,Tharaka Nithi,51,13,160,77.2,90,2015,3
32,Laikipia,38,4,157,80.9,90,2015,3
33,Muranga,19,11,129,88.1,90,2015,3
34,Baringo,44,2,83,65.9,90,2015,3
35,Garissa,17,1,94,84.8,90,2015,3
36,Marsabit,14,2,53,79.7,90,2015,3
37,Samburu,11,0,41,78.8,90,2015,3
38,Isiolo,3,0,48,94.1,90,2015,3
39,West Pokot,0,14,33,100.0,90,2015,3
40,Tana River,19,1,23,55.8,90,2015,3
41,Taita Taveta,7,5,17,75.9,90,2015,3
42,Wajir,5,1,15,76.2,90,2015,3
43,Kwale,1,1,9,90.9,90,2015,3
44,Elgeyo Marakwet,1,4,3,87.5,90,2015,3
45,Mandera,0,0,0,0.0,90,2015,3
46,Lamu,0,0,0,0.0,90,2015,3
0,Kisumu,703,363,3669,85.2,90,2015,4
1,Nairobi,676,472,3215,84.5,90,2015,4
2,Homa Bay,701,328,2884,82.1,90,2015,4
3,Siaya,657,350,1939,77.7,90,2015,4
4,Uasin Gishu,497,458,1934,82.8,90,2015,4
5,Migori,470,181,1860,81.3,90,2015,4
6,Busia,475,403,1416,79.3,90,2015,4
7,Kisii,435,228,1485,79.7,90,2015,4
8,Kakamega,315,16,1169,79.0,90,2015,4
9,Mombasa,273,210,891,80.1,90,2015,4
10,Kiambu,146,159,1030,89.1,90,2015,4
11,Bungoma,195,174,781,83.0,90,2015,4
12,Kericho,192,108,682,80.4,90,2015,4
13,Nakuru,173,107,691,82.2,90,2015,4
14,Trans Nzoia,162,169,553,81.7,90,2015,4
15,Bomet,147,89,572,81.8,90,2015,4
16,Nandi,184,144,467,76.9,90,2015,4
17,Meru,74,90,565,89.8,90,2015,4
18,Vihiga,154,3,528,77.5,90,2015,4
19,Machakos,105,64,501,84.3,90,2015,4
20,Narok,178,89,370,72.1,90,2015,4
21,Muranga,90,54,334,81.2,90,2015,4
22,Kirinyaga,72,14,376,84.4,90,2015,4
23,Turkana,108,79,273,76.5,90,2015,4
24,Nyamira,112,5,341,75.5,90,2015,4
25,Kilifi,83,38,333,81.7,90,2015,4
26,Makueni,43,60,342,90.3,90,2015,4
27,Kajiado,56,59,325,87.3,90,2015,4
28,Nyeri,42,27,268,87.5,90,2015,4
29,Kitui,42,38,241,86.9,90,2015,4
30,Laikipia,35,27,149,83.4,90,2015,4
31,Taita Taveta,35,16,152,82.8,90,2015,4
32,Embu,24,28,145,87.8,90,2015,4
33,Nyandarua,30,15,126,82.5,90,2015,4
34,Tharaka Nithi,16,2,114,87.9,90,2015,4
35,Kwale,26,12,66,75.0,90,2015,4
36,Baringo,19,6,69,79.8,90,2015,4
37,West Pokot,12,16,65,87.1,90,2015,4
38,Lamu,18,19,24,70.5,90,2015,4
39,Elgeyo Marakwet,7,16,38,88.5,90,2015,4
40,Samburu,16,3,29,66.7,90,2015,4
41,Marsabit,4,14,25,90.7,90,2015,4
42,Mandera,6,8,20,82.4,90,2015,4
43,Garissa,4,0,17,81.0,90,2015,4
44,Tana River,6,5,7,66.7,90,2015,4
45,Isiolo,3,1,5,66.7,90,2015,4
46,Wajir,0,0,1,100.0,90,2015,4
0,Kisumu,589,376,3852,87.8,90,2015,5
1,Homa Bay,783,412,3454,83.2,90,2015,5
2,Nairobi,573,416,2804,84.9,90,2015,5
3,Migori,572,247,2968,84.9,90,2015,5
4,Siaya,548,353,2044,81.4,90,2015,5
5,Uasin Gishu,458,451,1485,80.9,90,2015,5
6,Busia,253,232,1423,86.7,90,2015,5
7,Kisii,403,243,1172,77.8,90,2015,5
8,Kiambu,201,141,1402,88.5,90,2015,5
9,Mombasa,276,312,854,80.9,90,2015,5
10,Kakamega,154,46,951,86.6,90,2015,5
11,Bungoma,150,147,733,85.4,90,2015,5
12,Vihiga,65,55,676,91.8,90,2015,5
13,Nakuru,145,26,614,81.5,90,2015,5
14,Kericho,159,103,500,79.1,90,2015,5
15,Meru,90,29,589,87.3,90,2015,5
16,Nyamira,100,26,572,85.7,90,2015,5
17,Trans Nzoia,134,109,339,77.0,90,2015,5
18,Machakos,99,20,421,81.7,90,2015,5
19,Nandi,111,126,276,78.4,90,2015,5
20,Bomet,86,61,353,82.8,90,2015,5
21,Kirinyaga,53,31,321,86.9,90,2015,5
22,Makueni,73,14,291,80.7,90,2015,5
23,Kajiado,60,29,279,83.7,90,2015,5
24,Narok,88,25,202,72.1,90,2015,5
25,Kitui,51,16,235,83.1,90,2015,5
26,Kilifi,41,37,193,84.9,90,2015,5
27,Nyeri,36,21,211,86.6,90,2015,5
28,Taita Taveta,26,22,180,88.6,90,2015,5
29,Embu,30,5,119,80.5,90,2015,5
30,Laikipia,29,8,116,81.0,90,2015,5
31,Muranga,22,5,82,79.8,90,2015,5
32,Nyandarua,20,7,78,81.0,90,2015,5
33,Turkana,28,20,55,72.8,90,2015,5
34,Tharaka Nithi,23,6,71,77.0,90,2015,5
35,Elgeyo Marakwet,3,42,29,95.9,90,2015,5
36,Lamu,4,9,54,94.0,90,2015,5
37,Tana River,15,6,33,72.2,90,2015,5
38,Kwale,10,7,25,76.2,90,2015,5
39,Marsabit,9,0,22,71.0,90,2015,5
40,Baringo,11,0,18,62.1,90,2015,5
41,Isiolo,8,1,17,69.2,90,2015,5
42,Garissa,1,2,22,96.0,90,2015,5
43,Samburu,3,0,19,86.4,90,2015,5
44,West Pokot,5,11,6,77.3,90,2015,5
45,Wajir,0,0,0,0.0,90,2015,5
46,Mandera,0,0,0,0.0,90,2015,5
0,Nairobi,1025,852,5673,86.4,90,2015,6
1,Kisumu,482,421,3319,88.6,90,2015,6
2,Siaya,934,470,2777,77.7,90,2015,6
3,Homa Bay,613,363,3002,84.6,90,2015,6
4,Migori,511,299,2705,85.5,90,2015,6
5,Kiambu,368,277,2164,86.9,90,2015,6
6,Mombasa,435,503,1697,83.5,90,2015,6
7,Machakos,369,122,1966,85.0,90,2015,6
8,Nakuru,363,124,1687,83.3,90,2015,6
9,Meru,248,100,1488,86.5,90,2015,6
10,Uasin Gishu,284,243,1059,82.1,90,2015,6
11,Busia,177,187,1010,87.1,90,2015,6
12,Kisii,248,225,830,81.0,90,2015,6
13,Kitui,218,72,900,81.7,90,2015,6
14,Nyeri,178,112,877,84.7,90,2015,6
15,Kakamega,84,129,917,92.6,90,2015,6
16,Makueni,214,51,843,80.7,90,2015,6
17,Muranga,155,72,765,84.4,90,2015,6
18,Embu,144,35,678,83.2,90,2015,6
19,Kajiado,143,41,555,80.6,90,2015,6
20,Nyandarua,84,28,516,86.6,90,2015,6
21,Narok,136,59,404,77.3,90,2015,6
22,Bungoma,76,95,373,86.0,90,2015,6
23,Kericho,110,69,340,78.8,90,2015,6
24,Vihiga,60,41,402,88.1,90,2015,6
25,Laikipia,64,25,329,84.7,90,2015,6
26,Tharaka Nithi,74,18,289,80.6,90,2015,6
27,Nandi,102,58,199,71.6,90,2015,6
28,Turkana,125,28,194,64.0,90,2015,6
29,Kilifi,80,17,246,76.7,90,2015,6
30,Bomet,60,52,188,80.0,90,2015,6
31,Trans Nzoia,51,59,168,81.7,90,2015,6
32,Taita Taveta,43,12,214,84.0,90,2015,6
33,Nyamira,21,28,205,91.7,90,2015,6
34,Kirinyaga,35,13,168,83.8,90,2015,6
35,Isiolo,43,20,148,79.6,90,2015,6
36,Marsabit,22,9,87,81.4,90,2015,6
37,Baringo,40,3,67,63.6,90,2015,6
38,Tana River,18,4,75,81.4,90,2015,6
39,West Pokot,18,18,60,81.3,90,2015,6
40,Garissa,19,0,62,76.5,90,2015,6
41,Elgeyo Marakwet,10,9,27,78.3,90,2015,6
42,Samburu,9,2,29,77.5,90,2015,6
43,Kwale,11,2,18,64.5,90,2015,6
44,Mandera,8,0,9,52.9,90,2015,6
45,Lamu,0,8,5,100.0,90,2015,6
46,Wajir,4,0,4,50.0,90,2015,6
0,Nairobi,972,747,5773,87.0,90,2015,7
1,Kisumu,956,622,4291,83.7,90,2015,7
2,Homa Bay,882,436,3459,81.5,90,2015,7
3,Migori,683,351,3632,85.4,90,2015,7
4,Siaya,776,383,2969,81.2,90,2015,7
5,Uasin Gishu,647,372,1999,78.6,90,2015,7
6,Kiambu,343,165,1956,86.1,90,2015,7
7,Busia,398,192,1856,83.7,90,2015,7
8,Kakamega,407,70,1862,82.6,90,2015,7
9,Mombasa,387,534,1305,82.6,90,2015,7
10,Kisii,314,278,849,78.2,90,2015,7
11,Nakuru,247,51,1080,82.1,90,2015,7
12,Meru,215,50,1110,84.4,90,2015,7
13,Muranga,167,58,998,86.3,90,2015,7
14,Machakos,222,28,943,81.4,90,2015,7
15,Nyeri,156,91,845,85.7,90,2015,7
16,Trans Nzoia,152,124,532,81.2,90,2015,7
17,Bungoma,139,54,527,80.7,90,2015,7
18,Nandi,180,97,433,74.6,90,2015,7
19,Vihiga,135,9,562,80.9,90,2015,7
20,Kericho,153,107,443,78.2,90,2015,7
21,Kajiado,141,24,468,77.7,90,2015,7
22,Embu,97,27,482,84.0,90,2015,7
23,Kitui,132,14,445,77.7,90,2015,7
24,Tharaka Nithi,107,10,397,79.2,90,2015,7
25,Makueni,88,8,410,82.6,90,2015,7
26,Bomet,102,68,316,79.0,90,2015,7
27,Nyamira,82,12,335,80.9,90,2015,7
28,Kirinyaga,81,31,314,81.0,90,2015,7
29,Kilifi,78,6,323,80.8,90,2015,7
30,Narok,79,35,280,79.9,90,2015,7
31,Laikipia,53,16,288,85.2,90,2015,7
32,Nyandarua,53,16,282,84.9,90,2015,7
33,Turkana,113,9,221,67.1,90,2015,7
34,Taita Taveta,53,5,159,75.6,90,2015,7
35,Elgeyo Marakwet,25,28,148,87.6,90,2015,7
36,West Pokot,20,39,136,89.7,90,2015,7
37,Baringo,43,6,103,71.7,90,2015,7
38,Kwale,20,1,75,79.2,90,2015,7
39,Marsabit,24,1,70,74.7,90,2015,7
40,Lamu,10,0,54,84.4,90,2015,7
41,Garissa,17,3,21,58.5,90,2015,7
42,Isiolo,11,2,27,72.5,90,2015,7
43,Wajir,5,0,22,81.5,90,2015,7
44,Samburu,11,0,13,54.2,90,2015,7
45,Tana River,4,0,4,50.0,90,2015,7
46,Mandera,0,0,0,0.0,90,2015,7
0,Nairobi,1007,949,5737,86.9,90,2015,8
1,Kisumu,900,557,4299,84.4,90,2015,8
2,Siaya,853,438,3189,81.0,90,2015,8
3,Migori,533,239,3178,86.5,90,2015,8
4,Homa Bay,706,389,2741,81.6,90,2015,8
5,Mombasa,655,937,2195,82.7,90,2015,8
6,Busia,323,95,1338,81.6,90,2015,8
7,Kakamega,250,39,1286,84.1,90,2015,8
8,Uasin Gishu,437,199,891,71.4,90,2015,8
9,Kisii,336,229,911,77.2,90,2015,8
10,Kiambu,173,118,970,86.3,90,2015,8
11,Nyeri,145,80,1013,88.3,90,2015,8
12,Bungoma,217,60,831,80.4,90,2015,8
13,Muranga,141,50,832,86.2,90,2015,8
14,Kirinyaga,118,146,585,86.1,90,2015,8
15,Meru,128,24,639,83.8,90,2015,8
16,Nakuru,174,30,564,77.3,90,2015,8
17,Machakos,135,36,575,81.9,90,2015,8
18,Kilifi,92,11,562,86.2,90,2015,8
19,Kericho,130,89,436,80.2,90,2015,8
20,Vihiga,96,7,492,83.9,90,2015,8
21,Kitui,127,25,389,76.5,90,2015,8
22,Trans Nzoia,131,38,339,74.2,90,2015,8
23,Makueni,89,13,380,81.5,90,2015,8
24,Kajiado,111,37,286,74.4,90,2015,8
25,Taita Taveta,89,20,318,79.2,90,2015,8
26,Nandi,87,54,245,77.5,90,2015,8
27,Bomet,83,54,244,78.2,90,2015,8
28,Nyamira,74,9,282,79.7,90,2015,8
29,Nyandarua,60,9,269,82.2,90,2015,8
30,Embu,50,13,241,83.6,90,2015,8
31,Narok,69,31,200,77.0,90,2015,8
32,Turkana,95,7,153,62.7,90,2015,8
33,Laikipia,41,7,196,83.2,90,2015,8
34,Tharaka Nithi,50,5,186,79.3,90,2015,8
35,Kwale,62,14,158,73.5,90,2015,8
36,West Pokot,47,21,115,74.3,90,2015,8
37,Baringo,31,1,119,79.5,90,2015,8
38,Elgeyo Marakwet,28,8,100,79.4,90,2015,8
39,Lamu,13,0,41,75.9,90,2015,8
40,Isiolo,12,2,35,75.5,90,2015,8
41,Tana River,13,6,23,69.0,90,2015,8
42,Marsabit,5,0,21,80.8,90,2015,8
43,Garissa,4,1,19,83.3,90,2015,8
44,Wajir,7,0,15,68.2,90,2015,8
45,Samburu,3,1,15,84.2,90,2015,8
46,Mandera,0,0,0,0.0,90,2015,8
0,Nairobi,962,1026,5863,87.7,90,2015,9
1,Kisumu,818,453,4145,84.9,90,2015,9
2,Mombasa,700,867,2590,83.2,90,2015,9
3,Homa Bay,724,284,3085,82.3,90,2015,9
4,Siaya,632,326,2365,81.0,90,2015,9
5,Migori,491,200,2320,83.7,90,2015,9
6,Kakamega,538,51,2098,80.0,90,2015,9
7,Busia,443,128,1650,80.1,90,2015,9
8,Kisii,502,350,1210,75.7,90,2015,9
9,Uasin Gishu,586,251,1222,71.5,90,2015,9
10,Kiambu,193,126,1150,86.9,90,2015,9
11,Nyeri,176,129,1114,87.6,90,2015,9
12,Kericho,188,101,748,81.9,90,2015,9
13,Vihiga,192,24,814,81.4,90,2015,9
14,Bungoma,245,31,723,75.5,90,2015,9
15,Trans Nzoia,220,44,691,77.0,90,2015,9
16,Nandi,101,61,425,82.8,90,2015,9
17,Nyamira,104,15,404,80.1,90,2015,9
18,Bomet,119,68,304,75.8,90,2015,9
19,Kilifi,73,8,342,82.7,90,2015,9
20,Muranga,52,30,306,86.6,90,2015,9
21,Turkana,134,12,203,61.6,90,2015,9
22,Narok,56,32,214,81.5,90,2015,9
23,Kwale,47,9,200,81.6,90,2015,9
24,Elgeyo Marakwet,56,1,196,77.9,90,2015,9
25,Taita Taveta,34,2,170,83.5,90,2015,9
26,Embu,26,15,149,86.3,90,2015,9
27,Nakuru,28,7,148,84.7,90,2015,9
28,Makueni,31,5,143,82.7,90,2015,9
29,Kitui,47,21,109,73.4,90,2015,9
30,Meru,23,7,143,86.7,90,2015,9
31,Kirinyaga,26,22,121,84.6,90,2015,9
32,Machakos,11,3,113,91.3,90,2015,9
33,Kajiado,15,8,82,85.7,90,2015,9
34,Lamu,18,1,79,81.6,90,2015,9
35,West Pokot,35,9,49,62.4,90,2015,9
36,Nyandarua,17,13,41,76.1,90,2015,9
37,Laikipia,7,2,31,82.5,90,2015,9
38,Tharaka Nithi,1,1,19,95.2,90,2015,9
39,Garissa,4,0,9,69.2,90,2015,9
40,Isiolo,1,0,0,0.0,90,2015,9
41,Baringo,1,0,0,0.0,90,2015,9
42,Wajir,0,0,0,0.0,90,2015,9
43,Tana River,0,0,0,0.0,90,2015,9
44,Mandera,0,0,0,0.0,90,2015,9
45,Marsabit,0,0,0,0.0,90,2015,9
46,Samburu,0,0,0,0.0,90,2015,9
0,Nairobi,1151,1469,6615,87.5,90,2015,10
1,Kisumu,787,430,3755,84.2,90,2015,10
2,Homa Bay,695,342,3066,83.1,90,2015,10
3,Siaya,453,248,1817,82.0,90,2015,10
4,Migori,350,223,1913,85.9,90,2015,10
5,Kakamega,350,65,1831,84.4,90,2015,10
6,Mombasa,477,643,1077,78.3,90,2015,10
7,Busia,254,96,1515,86.4,90,2015,10
8,Uasin Gishu,333,118,904,75.4,90,2015,10
9,Bungoma,241,18,1054,81.6,90,2015,10
10,Machakos,183,12,957,84.1,90,2015,10
11,Kisii,240,196,676,78.4,90,2015,10
12,Makueni,191,16,900,82.7,90,2015,10
13,Vihiga,191,20,887,82.6,90,2015,10
14,Meru,129,9,868,87.2,90,2015,10
15,Nakuru,180,10,816,82.1,90,2015,10
16,Kiambu,132,48,818,86.8,90,2015,10
17,Kitui,178,32,713,80.7,90,2015,10
18,Trans Nzoia,156,8,685,81.6,90,2015,10
19,Kilifi,146,10,599,80.7,90,2015,10
20,Muranga,99,45,527,85.2,90,2015,10
21,Nandi,90,47,354,81.7,90,2015,10
22,Kericho,71,62,327,84.6,90,2015,10
23,Embu,80,13,363,82.5,90,2015,10
24,Laikipia,91,6,337,79.0,90,2015,10
25,Kirinyaga,57,61,293,86.1,90,2015,10
26,Nyandarua,54,3,334,86.2,90,2015,10
27,Nyeri,35,22,322,90.8,90,2015,10
28,Narok,99,29,215,71.1,90,2015,10
29,Kajiado,67,15,246,79.6,90,2015,10
30,Turkana,125,5,174,58.9,90,2015,10
31,Bomet,61,69,167,79.5,90,2015,10
32,Nyamira,39,5,192,83.5,90,2015,10
33,Taita Taveta,49,3,174,78.3,90,2015,10
34,Tharaka Nithi,43,0,140,76.5,90,2015,10
35,Elgeyo Marakwet,28,3,138,83.4,90,2015,10
36,Isiolo,29,3,77,73.4,90,2015,10
37,Kwale,26,0,83,76.1,90,2015,10
38,Baringo,19,1,59,75.9,90,2015,10
39,West Pokot,19,3,49,73.2,90,2015,10
40,Garissa,8,0,33,80.5,90,2015,10
41,Marsabit,5,0,27,84.4,90,2015,10
42,Tana River,3,0,24,88.9,90,2015,10
43,Samburu,4,0,20,83.3,90,2015,10
44,Wajir,9,0,14,60.9,90,2015,10
45,Mandera,9,0,8,47.1,90,2015,10
46,Lamu,3,0,12,80.0,90,2015,10
0,Kisumu,942,704,4763,85.3,90,2015,11
1,Nairobi,586,553,4668,89.9,90,2015,11
2,Siaya,1065,597,3674,80.0,90,2015,11
3,Homa Bay,698,392,2970,82.8,90,2015,11
4,Migori,491,388,2950,87.2,90,2015,11
5,Kakamega,548,98,2153,80.4,90,2015,11
6,Kiambu,274,225,1883,88.5,90,2015,11
7,Busia,387,75,1880,83.5,90,2015,11
8,Mombasa,368,363,1208,81.0,90,2015,11
9,Bungoma,334,64,1395,81.4,90,2015,11
10,Vihiga,236,37,1088,82.7,90,2015,11
11,Makueni,205,54,1047,84.3,90,2015,11
12,Machakos,208,49,1025,83.8,90,2015,11
13,Nakuru,232,53,957,81.3,90,2015,11
14,Kitui,188,54,862,83.0,90,2015,11
15,Meru,156,40,861,85.2,90,2015,11
16,Kilifi,161,23,663,81.0,90,2015,11
17,Nyamira,139,13,657,82.8,90,2015,11
18,Muranga,96,60,628,87.8,90,2015,11
19,Nyeri,103,62,565,85.9,90,2015,11
20,Uasin Gishu,136,43,477,79.3,90,2015,11
21,Kisii,112,139,333,80.8,90,2015,11
22,Kirinyaga,47,30,474,91.5,90,2015,11
23,Kajiado,103,41,347,79.0,90,2015,11
24,Laikipia,64,13,372,85.7,90,2015,11
25,Embu,76,22,348,83.0,90,2015,11
26,Trans Nzoia,60,27,310,84.9,90,2015,11
27,Nandi,67,71,229,81.7,90,2015,11
28,Kericho,75,102,188,79.5,90,2015,11
29,Turkana,105,3,218,67.8,90,2015,11
30,Narok,84,50,188,73.9,90,2015,11
31,Nyandarua,33,9,265,89.3,90,2015,11
32,Kwale,55,3,208,79.3,90,2015,11
33,Bomet,65,46,150,75.1,90,2015,11
34,Tharaka Nithi,35,8,189,84.9,90,2015,11
35,Taita Taveta,38,6,169,82.2,90,2015,11
36,Baringo,34,4,63,66.3,90,2015,11
37,Marsabit,18,0,64,78.0,90,2015,11
38,West Pokot,24,1,57,70.7,90,2015,11
39,Lamu,8,0,67,89.3,90,2015,11
40,Elgeyo Marakwet,11,1,54,83.3,90,2015,11
41,Samburu,21,4,36,65.6,90,2015,11
42,Tana River,14,1,40,74.5,90,2015,11
43,Isiolo,16,1,34,68.6,90,2015,11
44,Garissa,4,2,17,82.6,90,2015,11
45,Wajir,2,0,10,83.3,90,2015,11
46,Mandera,0,0,0,0.0,90,2015,11
0,Nairobi,1145,975,7177,87.7,90,2015,12
1,Homa Bay,1253,982,5678,84.2,90,2015,12
2,Kisumu,929,733,4186,84.1,90,2015,12
3,Migori,782,617,4212,86.1,90,2015,12
4,Siaya,1154,709,3624,79.0,90,2015,12
5,Kiambu,343,224,2177,87.5,90,2015,12
6,Nakuru,435,104,1881,82.0,90,2015,12
7,Makueni,325,104,1928,86.2,90,2015,12
8,Machakos,376,108,1740,83.1,90,2015,12
9,Kitui,357,116,1686,83.5,90,2015,12
10,Mombasa,311,294,1132,82.1,90,2015,12
11,Uasin Gishu,433,381,745,72.2,90,2015,12
12,Nyeri,192,124,1117,86.6,90,2015,12
13,Meru,195,72,1163,86.4,90,2015,12
14,Kakamega,246,92,1015,81.8,90,2015,12
15,Muranga,182,103,994,85.8,90,2015,12
16,Busia,209,54,1016,83.7,90,2015,12
17,Kisii,227,238,522,77.0,90,2015,12
18,Kajiado,158,55,707,82.8,90,2015,12
19,Kirinyaga,79,55,649,89.9,90,2015,12
20,Bungoma,151,43,535,79.3,90,2015,12
21,Nandi,137,154,394,80.0,90,2015,12
22,Embu,107,37,525,84.0,90,2015,12
23,Vihiga,126,17,488,80.0,90,2015,12
24,Tharaka Nithi,113,36,472,81.8,90,2015,12
25,Nyamira,128,22,464,79.2,90,2015,12
26,Kilifi,101,27,460,82.8,90,2015,12
27,Laikipia,79,31,448,85.8,90,2015,12
28,Kericho,98,81,372,82.2,90,2015,12
29,Trans Nzoia,138,203,207,74.8,90,2015,12
30,Nyandarua,81,28,432,85.0,90,2015,12
31,Narok,132,58,278,71.8,90,2015,12
32,Bomet,98,65,252,76.4,90,2015,12
33,Taita Taveta,57,13,246,82.0,90,2015,12
34,Kwale,54,7,177,77.3,90,2015,12
35,Turkana,89,13,126,61.0,90,2015,12
36,Baringo,43,5,155,78.8,90,2015,12
37,Marsabit,31,1,115,78.9,90,2015,12
38,Tana River,31,3,79,72.6,90,2015,12
39,Isiolo,25,2,65,72.8,90,2015,12
40,Garissa,14,5,54,80.8,90,2015,12
41,Lamu,14,1,38,73.6,90,2015,12
42,Elgeyo Marakwet,6,2,37,86.7,90,2015,12
43,Samburu,19,3,22,56.8,90,2015,12
44,Mandera,13,1,10,45.8,90,2015,12
45,West Pokot,5,2,11,72.2,90,2015,12
46,Wajir,2,0,3,60.0,90,2015,12
0,Nairobi,1188,1419,5976,86.2,90,2016,1
1,Siaya,1642,956,3298,72.2,90,2016,1
2,Kisumu,810,543,3067,81.7,90,2016,1
3,Homa Bay,605,620,2838,85.1,90,2016,1
4,Nakuru,396,55,2183,85.0,90,2016,1
5,Kiambu,334,203,2046,87.1,90,2016,1
6,Mombasa,457,372,1325,78.8,90,2016,1
7,Migori,337,256,1530,84.1,90,2016,1
8,Machakos,221,19,1581,87.9,90,2016,1
9,Kitui,235,27,1537,86.9,90,2016,1
10,Nyeri,262,146,1242,84.1,90,2016,1
11,Kisii,264,227,1096,83.4,90,2016,1
12,Meru,161,25,1326,89.4,90,2016,1
13,Muranga,238,125,1066,83.3,90,2016,1
14,Uasin Gishu,298,334,684,77.4,90,2016,1
15,Makueni,138,20,1086,88.9,90,2016,1
16,Kirinyaga,89,90,824,91.1,90,2016,1
17,Kajiado,99,10,797,89.1,90,2016,1
18,Kakamega,166,60,532,78.1,90,2016,1
19,Laikipia,80,5,671,89.4,90,2016,1
20,Narok,140,38,558,81.0,90,2016,1
21,Tharaka Nithi,97,5,626,86.7,90,2016,1
22,Kericho,134,101,470,81.0,90,2016,1
23,Nandi,130,147,375,80.1,90,2016,1
24,Kilifi,111,9,506,82.3,90,2016,1
25,Embu,89,19,508,85.6,90,2016,1
26,Trans Nzoia,163,258,151,71.5,90,2016,1
27,Bomet,111,101,348,80.2,90,2016,1
28,Nyandarua,55,8,459,89.5,90,2016,1
29,Bungoma,108,15,300,74.5,90,2016,1
30,Baringo,56,6,357,86.6,90,2016,1
31,Busia,74,17,286,80.4,90,2016,1
32,Kwale,64,2,270,81.0,90,2016,1
33,Vihiga,53,12,236,82.4,90,2016,1
34,Nyamira,48,8,238,83.7,90,2016,1
35,Taita Taveta,38,2,234,86.1,90,2016,1
36,Isiolo,25,2,98,80.0,90,2016,1
37,Turkana,37,3,80,69.2,90,2016,1
38,Marsabit,22,0,81,78.6,90,2016,1
39,West Pokot,28,0,45,61.6,90,2016,1
40,Garissa,8,2,61,88.7,90,2016,1
41,Samburu,16,6,35,71.9,90,2016,1
42,Lamu,6,0,44,88.0,90,2016,1
43,Tana River,7,1,15,69.6,90,2016,1
44,Elgeyo Marakwet,9,0,12,57.1,90,2016,1
45,Mandera,1,0,5,83.3,90,2016,1
46,Wajir,2,0,1,33.3,90,2016,1
0,Nairobi,1439,1872,6411,85.2,90,2016,2
1,Homa Bay,857,716,3791,84.0,90,2016,2
2,Kisumu,531,367,3065,86.6,90,2016,2
3,Migori,485,414,2632,86.3,90,2016,2
4,Kiambu,224,133,1858,89.9,90,2016,2
5,Nakuru,237,58,1787,88.6,90,2016,2
6,Mombasa,420,443,1085,78.4,90,2016,2
7,Kisii,319,217,1057,80.0,90,2016,2
8,Siaya,354,247,978,77.6,90,2016,2
9,Busia,198,28,1295,87.0,90,2016,2
10,Kitui,139,3,1343,90.6,90,2016,2
11,Uasin Gishu,305,304,840,79.0,90,2016,2
12,Kakamega,170,26,1141,87.3,90,2016,2
13,Machakos,99,3,1216,92.5,90,2016,2
14,Makueni,82,4,1198,93.6,90,2016,2
15,Meru,68,4,1193,94.6,90,2016,2
16,Nyamira,159,51,890,85.5,90,2016,2
17,Nyeri,130,89,782,87.0,90,2016,2
18,Muranga,102,46,789,89.1,90,2016,2
19,Kericho,177,132,573,79.9,90,2016,2
20,Bungoma,114,10,728,86.6,90,2016,2
21,Vihiga,109,4,576,84.2,90,2016,2
22,Bomet,144,109,432,79.0,90,2016,2
23,Kilifi,97,13,561,85.5,90,2016,2
24,Narok,116,62,493,82.7,90,2016,2
25,Kajiado,54,0,589,91.6,90,2016,2
26,Nyandarua,41,3,576,93.4,90,2016,2
27,Embu,50,9,525,91.4,90,2016,2
28,Kirinyaga,55,42,468,90.3,90,2016,2
29,Nandi,136,94,265,72.5,90,2016,2
30,Laikipia,31,0,439,93.4,90,2016,2
31,Trans Nzoia,90,198,134,78.7,90,2016,2
32,Tharaka Nithi,23,0,391,94.4,90,2016,2
33,Baringo,38,0,333,89.8,90,2016,2
34,Taita Taveta,48,9,284,85.9,90,2016,2
35,Kwale,47,7,264,85.2,90,2016,2
36,Turkana,80,8,174,69.5,90,2016,2
37,West Pokot,16,2,90,85.2,90,2016,2
38,Isiolo,11,0,93,89.4,90,2016,2
39,Elgeyo Marakwet,24,3,74,76.2,90,2016,2
40,Lamu,11,1,64,85.5,90,2016,2
41,Marsabit,9,0,59,86.8,90,2016,2
42,Tana River,8,0,49,86.0,90,2016,2
43,Samburu,9,0,43,82.7,90,2016,2
44,Garissa,6,0,40,87.0,90,2016,2
45,Wajir,1,0,12,92.3,90,2016,2
46,Mandera,0,0,2,100.0,90,2016,2
0,Nairobi,1653,1898,8305,86.1,90,2016,3
1,Kisumu,1138,935,7394,88.0,90,2016,3
2,Homa Bay,1294,1324,5578,84.2,90,2016,3
3,Siaya,1606,991,5196,79.4,90,2016,3
4,Migori,776,672,4148,86.1,90,2016,3
5,Busia,308,130,1840,86.5,90,2016,3
6,Kisii,541,403,1228,75.1,90,2016,3
7,Kiambu,274,110,1780,87.3,90,2016,3
8,Mombasa,507,386,1118,74.8,90,2016,3
9,Nakuru,309,50,1573,84.0,90,2016,3
10,Uasin Gishu,386,569,883,79.0,90,2016,3
11,Kakamega,318,113,1350,82.1,90,2016,3
12,Bungoma,258,38,1148,82.1,90,2016,3
13,Kitui,182,19,1221,87.2,90,2016,3
14,Makueni,179,3,1189,86.9,90,2016,3
15,Machakos,159,12,1024,86.7,90,2016,3
16,Nyamira,210,77,720,79.1,90,2016,3
17,Kericho,161,158,616,82.8,90,2016,3
18,Muranga,118,54,693,86.4,90,2016,3
19,Vihiga,159,20,589,79.3,90,2016,3
20,Meru,89,6,660,88.2,90,2016,3
21,Bomet,137,109,478,81.1,90,2016,3
22,Nandi,158,148,401,77.7,90,2016,3
23,Nyeri,113,50,541,83.9,90,2016,3
24,Kajiado,88,5,603,87.4,90,2016,3
25,Narok,127,43,488,80.7,90,2016,3
26,Trans Nzoia,116,208,242,79.5,90,2016,3
27,Kirinyaga,59,49,406,88.5,90,2016,3
28,Turkana,162,22,265,63.9,90,2016,3
29,Baringo,64,0,376,85.5,90,2016,3
30,Tharaka Nithi,52,4,360,87.5,90,2016,3
31,Embu,51,3,340,87.1,90,2016,3
32,Laikipia,34,7,287,89.6,90,2016,3
33,Nyandarua,35,1,288,89.2,90,2016,3
34,Kilifi,33,7,168,84.1,90,2016,3
35,Isiolo,33,0,146,81.6,90,2016,3
36,Elgeyo Marakwet,44,12,114,74.1,90,2016,3
37,West Pokot,32,3,123,79.7,90,2016,3
38,Taita Taveta,18,1,73,80.4,90,2016,3
39,Kwale,19,1,55,74.7,90,2016,3
40,Garissa,13,0,37,74.0,90,2016,3
41,Marsabit,7,0,20,74.1,90,2016,3
42,Samburu,8,0,8,50.0,90,2016,3
43,Wajir,2,0,3,60.0,90,2016,3
44,Tana River,0,0,1,100.0,90,2016,3
45,Mandera,0,0,0,0.0,90,2016,3
46,Lamu,0,0,0,0.0,90,2016,3
0,Siaya,2354,2087,7788,80.8,90,2016,4
1,Kisumu,1415,1510,8474,87.6,90,2016,4
2,Nairobi,1650,1927,6744,84.0,90,2016,4
3,Homa Bay,1226,1221,5888,85.3,90,2016,4
4,Migori,607,736,4049,88.7,90,2016,4
5,Busia,641,427,3193,85.0,90,2016,4
6,Kiambu,364,232,3061,90.0,90,2016,4
7,Uasin Gishu,689,895,1552,78.0,90,2016,4
8,Bungoma,505,279,1846,80.8,90,2016,4
9,Kakamega,495,152,1982,81.2,90,2016,4
10,Kisii,440,640,1447,82.6,90,2016,4
11,Mombasa,413,339,1306,79.9,90,2016,4
12,Nakuru,340,87,1585,83.1,90,2016,4
13,Machakos,247,32,1498,86.1,90,2016,4
14,Muranga,225,109,1361,86.7,90,2016,4
15,Kitui,210,30,1275,86.1,90,2016,4
16,Vihiga,235,31,1183,83.8,90,2016,4
17,Nyeri,209,93,1143,85.5,90,2016,4
18,Makueni,180,14,1154,86.6,90,2016,4
19,Kericho,195,232,902,85.3,90,2016,4
20,Bomet,242,201,752,79.7,90,2016,4
21,Trans Nzoia,198,404,434,80.9,90,2016,4
22,Narok,202,91,730,80.3,90,2016,4
23,Nandi,230,244,527,77.0,90,2016,4
24,Meru,106,7,744,87.6,90,2016,4
25,Kirinyaga,77,48,554,88.7,90,2016,4
26,Kajiado,120,10,544,82.2,90,2016,4
27,Embu,101,15,507,83.8,90,2016,4
28,Nyamira,127,44,436,79.1,90,2016,4
29,Nyandarua,61,8,526,89.7,90,2016,4
30,Turkana,176,10,374,68.6,90,2016,4
31,Laikipia,79,8,453,85.4,90,2016,4
32,Kilifi,62,22,380,86.6,90,2016,4
33,Baringo,83,2,309,78.9,90,2016,4
34,Tharaka Nithi,52,3,230,81.8,90,2016,4
35,Kwale,35,7,142,81.0,90,2016,4
36,West Pokot,55,7,110,68.0,90,2016,4
37,Taita Taveta,39,7,115,75.8,90,2016,4
38,Elgeyo Marakwet,49,8,92,67.1,90,2016,4
39,Garissa,10,0,59,85.5,90,2016,4
40,Isiolo,19,0,41,68.3,90,2016,4
41,Samburu,19,4,36,67.8,90,2016,4
42,Marsabit,6,0,35,85.4,90,2016,4
43,Tana River,13,1,24,65.8,90,2016,4
44,Lamu,0,0,0,0.0,90,2016,4
45,Wajir,0,0,0,0.0,90,2016,4
46,Mandera,0,0,0,0.0,90,2016,4
0,Nairobi,1328,1412,7385,86.9,90,2016,5
1,Homa Bay,1235,1077,5937,85.0,90,2016,5
2,Siaya,1167,842,5716,84.9,90,2016,5
3,Kisumu,801,838,5110,88.1,90,2016,5
4,Migori,567,666,3998,89.2,90,2016,5
5,Uasin Gishu,848,1235,1992,79.2,90,2016,5
6,Kiambu,333,231,2444,88.9,90,2016,5
7,Busia,444,379,1762,82.8,90,2016,5
8,Kakamega,500,135,1778,79.3,90,2016,5
9,Kisii,401,431,1449,82.4,90,2016,5
10,Mombasa,526,447,1302,76.9,90,2016,5
11,Nakuru,410,63,1799,82.0,90,2016,5
12,Bungoma,394,305,1566,82.6,90,2016,5
13,Machakos,275,17,1583,85.3,90,2016,5
14,Kitui,250,31,1410,85.2,90,2016,5
15,Vihiga,234,35,1334,85.4,90,2016,5
16,Nyamira,247,76,1013,81.5,90,2016,5
17,Makueni,150,18,1047,87.7,90,2016,5
18,Trans Nzoia,216,439,439,80.3,90,2016,5
19,Muranga,167,85,820,84.4,90,2016,5
20,Kilifi,166,40,769,83.0,90,2016,5
21,Kericho,136,144,599,84.5,90,2016,5
22,Nyeri,120,72,672,86.1,90,2016,5
23,Meru,85,15,745,89.9,90,2016,5
24,Kajiado,113,10,609,84.6,90,2016,5
25,Bomet,109,113,340,80.6,90,2016,5
26,Nyandarua,69,8,484,87.7,90,2016,5
27,Nandi,84,170,288,84.5,90,2016,5
28,Narok,101,29,398,80.9,90,2016,5
29,Embu,92,7,417,82.2,90,2016,5
30,Kirinyaga,63,46,404,87.7,90,2016,5
31,Turkana,158,16,288,65.8,90,2016,5
32,Laikipia,67,9,326,83.3,90,2016,5
33,Tharaka Nithi,37,1,209,85.0,90,2016,5
34,West Pokot,32,5,168,84.4,90,2016,5
35,Kwale,38,6,155,80.9,90,2016,5
36,Elgeyo Marakwet,42,11,128,76.8,90,2016,5
37,Taita Taveta,25,1,147,85.5,90,2016,5
38,Baringo,38,5,97,72.9,90,2016,5
39,Isiolo,23,1,62,73.3,90,2016,5
40,Garissa,13,1,61,82.7,90,2016,5
41,Samburu,14,0,34,70.8,90,2016,5
42,Marsabit,4,1,38,90.7,90,2016,5
43,Lamu,10,1,19,66.7,90,2016,5
44,Mandera,3,0,13,81.3,90,2016,5
45,Tana River,6,0,7,53.8,90,2016,5
46,Wajir,0,0,0,0.0,90,2016,5
0,Nairobi,1751,1557,9720,86.6,90,2016,6
1,Homa Bay,1531,1267,7167,84.6,90,2016,6
2,Siaya,1453,2516,5685,84.9,90,2016,6
3,Kisumu,1180,1353,5014,84.4,90,2016,6
4,Migori,613,519,3437,86.6,90,2016,6
5,Nakuru,711,120,2864,80.8,90,2016,6
6,Machakos,540,59,2729,83.8,90,2016,6
7,Busia,846,442,1920,73.6,90,2016,6
8,Kiambu,327,177,2509,89.1,90,2016,6
9,Mombasa,553,519,1676,79.9,90,2016,6
10,Kitui,457,56,2148,82.8,90,2016,6
11,Kakamega,566,107,1833,77.4,90,2016,6
12,Kisii,526,482,1273,76.9,90,2016,6
13,Uasin Gishu,592,469,1061,72.1,90,2016,6
14,Makueni,340,41,1383,80.7,90,2016,6
15,Vihiga,337,31,1218,78.8,90,2016,6
16,Nyamira,291,62,1144,80.6,90,2016,6
17,Meru,195,31,1194,86.3,90,2016,6
18,Nyeri,182,90,1022,85.9,90,2016,6
19,Muranga,161,84,1021,87.3,90,2016,6
20,Kilifi,288,117,846,77.0,90,2016,6
21,Bungoma,306,46,866,74.9,90,2016,6
22,Laikipia,163,28,928,85.4,90,2016,6
23,Kericho,203,175,724,81.6,90,2016,6
24,Kajiado,216,24,721,77.5,90,2016,6
25,Nandi,216,153,543,76.3,90,2016,6
26,Nyandarua,100,10,769,88.6,90,2016,6
27,Embu,171,19,661,79.9,90,2016,6
28,Kirinyaga,114,65,660,86.4,90,2016,6
29,Narok,223,42,535,72.1,90,2016,6
30,Bomet,169,121,507,78.8,90,2016,6
31,Tharaka Nithi,133,15,637,83.1,90,2016,6
32,Trans Nzoia,162,124,389,76.0,90,2016,6
33,Turkana,188,19,299,62.8,90,2016,6
34,Baringo,108,8,297,73.8,90,2016,6
35,Kwale,76,21,196,74.1,90,2016,6
36,Taita Taveta,38,16,206,85.4,90,2016,6
37,Isiolo,48,4,175,78.9,90,2016,6
38,Tana River,61,1,154,71.8,90,2016,6
39,West Pokot,63,7,138,69.7,90,2016,6
40,Elgeyo Marakwet,54,10,136,73.0,90,2016,6
41,Samburu,69,2,106,61.0,90,2016,6
42,Marsabit,40,2,85,68.5,90,2016,6
43,Garissa,19,2,94,83.5,90,2016,6
44,Wajir,1,0,11,91.7,90,2016,6
45,Mandera,0,0,0,0.0,90,2016,6
46,Lamu,0,0,0,0.0,90,2016,6
0,Nairobi,2586,3558,7060,80.4,90,2016,7
1,Siaya,1632,2670,4558,81.6,90,2016,7
2,Kisumu,1317,2345,5188,85.1,90,2016,7
3,Homa Bay,987,1216,4602,85.5,90,2016,7
4,Migori,513,499,3803,89.3,90,2016,7
5,Kilifi,512,119,2300,82.5,90,2016,7
6,Kiambu,359,264,2262,87.6,90,2016,7
7,Busia,685,568,1627,76.2,90,2016,7
8,Mombasa,510,419,1896,81.9,90,2016,7
9,Nakuru,465,133,2212,83.5,90,2016,7
10,Uasin Gishu,586,697,1495,78.9,90,2016,7
11,Kakamega,408,87,1967,83.4,90,2016,7
12,Kitui,377,95,1859,83.8,90,2016,7
13,Machakos,351,89,1824,84.5,90,2016,7
14,Meru,264,54,1243,83.1,90,2016,7
15,Makueni,240,40,1167,83.4,90,2016,7
16,Nyamira,267,93,973,80.0,90,2016,7
17,Bungoma,242,85,985,81.6,90,2016,7
18,Nyeri,161,72,999,86.9,90,2016,7
19,Kisii,217,260,693,81.5,90,2016,7
20,Trans Nzoia,215,308,573,80.4,90,2016,7
21,Embu,179,65,842,83.5,90,2016,7
22,Kajiado,207,48,737,79.1,90,2016,7
23,Kwale,199,21,758,79.7,90,2016,7
24,Laikipia,133,37,773,85.9,90,2016,7
25,Muranga,158,62,713,83.1,90,2016,7
26,Vihiga,170,24,700,81.0,90,2016,7
27,Tharaka Nithi,136,34,719,84.7,90,2016,7
28,Kericho,153,143,547,81.9,90,2016,7
29,Nandi,175,163,454,77.9,90,2016,7
30,Taita Taveta,156,22,561,78.9,90,2016,7
31,Kirinyaga,109,80,504,84.3,90,2016,7
32,Turkana,232,60,380,65.5,90,2016,7
33,Nyandarua,79,25,495,86.8,90,2016,7
34,Narok,163,52,356,71.5,90,2016,7
35,Bomet,117,78,261,74.3,90,2016,7
36,Elgeyo Marakwet,77,23,212,75.3,90,2016,7
37,Baringo,72,11,218,76.1,90,2016,7
38,West Pokot,42,14,181,82.3,90,2016,7
39,Isiolo,39,11,127,78.0,90,2016,7
40,Lamu,47,4,115,71.7,90,2016,7
41,Samburu,47,4,87,65.9,90,2016,7
42,Tana River,31,4,76,72.1,90,2016,7
43,Marsabit,18,5,71,80.9,90,2016,7
44,Garissa,22,4,68,76.6,90,2016,7
45,Wajir,3,0,14,82.4,90,2016,7
46,Mandera,0,0,0,0.0,90,2016,7
0,Nairobi,2379,3986,7625,83.0,90,2016,8
1,Homa Bay,1392,2284,5680,85.1,90,2016,8
2,Kisumu,1582,2384,5106,82.6,90,2016,8
3,Siaya,1453,2726,2678,78.8,90,2016,8
4,Migori,559,474,3745,88.3,90,2016,8
5,Mombasa,619,455,2620,83.2,90,2016,8
6,Kisii,556,695,2223,84.0,90,2016,8
7,Nakuru,636,139,2394,79.9,90,2016,8
8,Kiambu,432,239,2495,86.4,90,2016,8
9,Busia,880,945,1299,71.8,90,2016,8
10,Kakamega,798,355,1716,72.2,90,2016,8
11,Uasin Gishu,793,752,1174,70.8,90,2016,8
12,Kilifi,423,103,1462,78.7,90,2016,8
13,Kitui,326,73,1343,81.3,90,2016,8
14,Nyeri,211,126,1369,87.6,90,2016,8
15,Machakos,234,67,1243,84.8,90,2016,8
16,Meru,207,50,1258,86.3,90,2016,8
17,Nyamira,340,57,1023,76.1,90,2016,8
18,Bungoma,356,97,823,72.1,90,2016,8
19,Makueni,210,51,1004,83.4,90,2016,8
20,Trans Nzoia,262,331,540,76.9,90,2016,8
21,Nandi,269,235,618,76.0,90,2016,8
22,Muranga,185,89,833,83.3,90,2016,8
23,Kericho,164,130,707,83.6,90,2016,8
24,Bomet,177,95,543,78.3,90,2016,8
25,Kirinyaga,116,101,589,85.6,90,2016,8
26,Kajiado,145,39,613,81.8,90,2016,8
27,Vihiga,241,51,450,67.5,90,2016,8
28,Nyandarua,75,28,536,88.3,90,2016,8
29,Kwale,156,22,443,74.9,90,2016,8
30,Embu,108,42,457,82.2,90,2016,8
31,Narok,130,50,381,76.8,90,2016,8
32,Taita Taveta,96,9,409,81.3,90,2016,8
33,Laikipia,91,16,398,82.0,90,2016,8
34,Turkana,179,23,270,62.1,90,2016,8
35,Tharaka Nithi,69,15,343,83.8,90,2016,8
36,Baringo,82,17,206,73.1,90,2016,8
37,Elgeyo Marakwet,46,11,189,81.3,90,2016,8
38,West Pokot,40,4,193,83.1,90,2016,8
39,Garissa,43,9,153,79.0,90,2016,8
40,Tana River,38,7,84,70.5,90,2016,8
41,Samburu,46,5,69,61.7,90,2016,8
42,Mandera,27,6,40,63.0,90,2016,8
43,Isiolo,23,1,45,66.7,90,2016,8
44,Marsabit,11,3,43,80.7,90,2016,8
45,Lamu,8,6,15,72.4,90,2016,8
46,Wajir,3,1,6,70.0,90,2016,8
0,Nairobi,1555,2073,5412,82.8,90,2016,9
1,Kisumu,1502,2448,4876,83.0,90,2016,9
2,Homa Bay,990,1862,3284,83.9,90,2016,9
3,Kakamega,1090,341,3755,79.0,90,2016,9
4,Busia,943,1129,2552,79.6,90,2016,9
5,Migori,550,382,3497,87.6,90,2016,9
6,Mombasa,681,669,2270,81.2,90,2016,9
7,Siaya,610,891,1345,78.6,90,2016,9
8,Uasin Gishu,773,774,1245,72.3,90,2016,9
9,Bungoma,553,157,1829,78.2,90,2016,9
10,Kiambu,318,177,1864,86.5,90,2016,9
11,Kisii,325,303,1158,81.8,90,2016,9
12,Nakuru,380,92,1138,76.4,90,2016,9
13,Vihiga,301,93,1186,80.9,90,2016,9
14,Trans Nzoia,276,449,550,78.4,90,2016,9
15,Meru,168,43,932,85.3,90,2016,9
16,Nyeri,147,76,903,86.9,90,2016,9
17,Kilifi,152,163,578,83.0,90,2016,9
18,Makueni,137,34,650,83.3,90,2016,9
19,Machakos,171,43,589,78.7,90,2016,9
20,Muranga,125,64,587,83.9,90,2016,9
21,Kitui,117,40,574,84.0,90,2016,9
22,Kericho,119,74,524,83.4,90,2016,9
23,Nandi,132,171,354,79.9,90,2016,9
24,Embu,122,36,409,78.5,90,2016,9
25,Tharaka Nithi,96,19,438,82.6,90,2016,9
26,Turkana,230,26,290,57.9,90,2016,9
27,Nyamira,142,39,358,73.7,90,2016,9
28,Kajiado,89,16,362,80.9,90,2016,9
29,Kirinyaga,51,46,353,88.7,90,2016,9
30,Nyandarua,59,9,330,85.2,90,2016,9
31,Bomet,73,63,260,81.6,90,2016,9
32,Narok,75,21,216,76.0,90,2016,9
33,Taita Taveta,80,11,220,74.3,90,2016,9
34,Elgeyo Marakwet,85,16,209,72.6,90,2016,9
35,West Pokot,79,11,195,72.3,90,2016,9
36,Laikipia,38,7,213,85.3,90,2016,9
37,Kwale,41,4,143,78.2,90,2016,9
38,Lamu,41,11,119,76.0,90,2016,9
39,Garissa,23,3,98,81.5,90,2016,9
40,Baringo,27,3,72,73.5,90,2016,9
41,Isiolo,19,5,66,78.9,90,2016,9
42,Marsabit,17,0,37,68.5,90,2016,9
43,Tana River,18,4,25,61.7,90,2016,9
44,Mandera,12,4,15,61.3,90,2016,9
45,Samburu,17,0,10,37.0,90,2016,9
46,Wajir,1,0,1,50.0,90,2016,9
0,Nairobi,1576,2405,5588,83.5,90,2016,10
1,Homa Bay,1000,1900,3953,85.4,90,2016,10
2,Kisumu,1009,1436,3431,82.8,90,2016,10
3,Migori,554,371,3472,87.4,90,2016,10
4,Mombasa,602,693,2169,82.6,90,2016,10
5,Kiambu,366,152,2111,86.1,90,2016,10
6,Nakuru,531,127,1905,79.3,90,2016,10
7,Siaya,551,1087,871,78.0,90,2016,10
8,Kisii,442,696,1329,82.1,90,2016,10
9,Kakamega,351,114,1561,82.7,90,2016,10
10,Uasin Gishu,460,608,592,72.3,90,2016,10
11,Busia,345,202,750,73.4,90,2016,10
12,Machakos,215,51,937,82.1,90,2016,10
13,Nyeri,163,91,911,86.0,90,2016,10
14,Bungoma,214,52,828,80.4,90,2016,10
15,Makueni,110,44,832,88.8,90,2016,10
16,Nyamira,234,53,694,76.1,90,2016,10
17,Kericho,165,199,592,82.7,90,2016,10
18,Muranga,135,77,674,84.8,90,2016,10
19,Meru,120,29,704,85.9,90,2016,10
20,Kitui,144,40,600,81.6,90,2016,10
21,Trans Nzoia,196,314,270,74.9,90,2016,10
22,Nandi,155,180,430,79.7,90,2016,10
23,Kilifi,150,227,375,80.1,90,2016,10
24,Kirinyaga,101,85,539,86.1,90,2016,10
25,Bomet,149,145,399,78.5,90,2016,10
26,Kajiado,124,38,454,79.9,90,2016,10
27,Embu,99,27,436,82.4,90,2016,10
28,Turkana,189,20,348,66.1,90,2016,10
29,Nyandarua,82,25,402,83.9,90,2016,10
30,Tharaka Nithi,81,23,330,81.3,90,2016,10
31,Narok,98,48,273,76.6,90,2016,10
32,Vihiga,59,22,321,85.3,90,2016,10
33,Laikipia,53,9,338,86.8,90,2016,10
34,Taita Taveta,65,16,234,79.4,90,2016,10
35,Kwale,45,11,172,80.3,90,2016,10
36,Baringo,62,5,138,69.8,90,2016,10
37,Elgeyo Marakwet,36,12,90,73.9,90,2016,10
38,West Pokot,16,2,78,83.3,90,2016,10
39,Garissa,14,2,59,81.3,90,2016,10
40,Isiolo,11,4,24,71.8,90,2016,10
41,Tana River,14,0,22,61.1,90,2016,10
42,Lamu,0,0,17,100.0,90,2016,10
43,Marsabit,6,0,10,62.5,90,2016,10
44,Wajir,3,1,9,76.9,90,2016,10
45,Samburu,0,0,3,100.0,90,2016,10
46,Mandera,0,0,1,100.0,90,2016,10
0,Nairobi,2347,3845,10140,85.6,90,2016,11
1,Kisumu,749,981,2631,82.8,90,2016,11
2,Homa Bay,590,1015,2662,86.2,90,2016,11
3,Migori,436,421,2757,87.9,90,2016,11
4,Siaya,743,1226,1412,78.0,90,2016,11
5,Kiambu,346,206,2060,86.8,90,2016,11
6,Kisii,260,264,1401,86.5,90,2016,11
7,Mombasa,345,410,1168,82.1,90,2016,11
8,Uasin Gishu,587,591,530,65.6,90,2016,11
9,Nyeri,183,120,1000,86.0,90,2016,11
10,Muranga,169,95,906,85.6,90,2016,11
11,Kericho,216,127,664,78.6,90,2016,11
12,Kakamega,140,53,770,85.5,90,2016,11
13,Nakuru,120,38,699,86.0,90,2016,11
14,Bungoma,196,35,561,75.3,90,2016,11
15,Busia,195,141,449,75.2,90,2016,11
16,Kirinyaga,99,103,545,86.7,90,2016,11
17,Trans Nzoia,211,316,194,70.7,90,2016,11
18,Nandi,123,156,386,81.5,90,2016,11
19,Bomet,134,102,376,78.1,90,2016,11
20,Vihiga,70,15,333,83.3,90,2016,11
21,Makueni,41,12,314,88.8,90,2016,11
22,Turkana,117,18,195,64.5,90,2016,11
23,Machakos,50,22,248,84.4,90,2016,11
24,Embu,52,25,216,82.3,90,2016,11
25,Narok,67,34,168,75.1,90,2016,11
26,Kilifi,41,183,40,84.5,90,2016,11
27,Kajiado,30,15,170,86.0,90,2016,11
28,Nyandarua,37,10,143,80.5,90,2016,11
29,Kitui,27,12,146,85.4,90,2016,11
30,West Pokot,48,3,119,71.8,90,2016,11
31,Tharaka Nithi,21,7,108,84.6,90,2016,11
32,Elgeyo Marakwet,43,7,86,68.4,90,2016,11
33,Meru,10,6,112,92.2,90,2016,11
34,Nyamira,38,5,76,68.1,90,2016,11
35,Laikipia,12,4,91,88.8,90,2016,11
36,Kwale,17,12,18,63.8,90,2016,11
37,Baringo,16,1,18,54.3,90,2016,11
38,Taita Taveta,5,5,11,76.2,90,2016,11
39,Isiolo,6,1,14,71.4,90,2016,11
40,Samburu,4,0,4,50.0,90,2016,11
41,Garissa,0,1,6,100.0,90,2016,11
42,Tana River,1,0,4,80.0,90,2016,11
43,Wajir,0,0,0,0.0,90,2016,11
44,Mandera,0,0,0,0.0,90,2016,11
45,Lamu,0,0,0,0.0,90,2016,11
46,Marsabit,0,0,0,0.0,90,2016,11
0,Nairobi,1375,3170,4664,85.1,90,2016,12
1,Kisumu,1072,1712,2885,81.1,90,2016,12
2,Siaya,1295,2260,1126,72.3,90,2016,12
3,Homa Bay,711,1674,1045,79.3,90,2016,12
4,Mombasa,329,348,1562,85.3,90,2016,12
5,Migori,264,322,1562,87.7,90,2016,12
6,Kiambu,135,105,800,87.0,90,2016,12
7,Kisii,97,183,593,88.9,90,2016,12
8,Uasin Gishu,238,221,372,71.4,90,2016,12
9,Kericho,115,135,490,84.5,90,2016,12
10,Busia,192,220,311,73.4,90,2016,12
11,Kirinyaga,40,54,458,92.8,90,2016,12
12,Muranga,67,36,445,87.8,90,2016,12
13,Nyeri,81,38,396,84.3,90,2016,12
14,Bomet,84,70,256,79.5,90,2016,12
15,Kakamega,100,78,221,74.9,90,2016,12
16,Kilifi,53,93,163,82.8,90,2016,12
17,Nakuru,26,10,249,90.9,90,2016,12
18,Bungoma,58,25,152,75.3,90,2016,12
19,Nandi,56,48,99,72.4,90,2016,12
20,Turkana,86,11,100,56.3,90,2016,12
21,Trans Nzoia,36,64,64,78.0,90,2016,12
22,West Pokot,28,5,75,74.1,90,2016,12
23,Embu,16,9,67,82.6,90,2016,12
24,Elgeyo Marakwet,20,4,52,73.7,90,2016,12
25,Narok,12,10,35,78.9,90,2016,12
26,Kajiado,6,1,26,81.8,90,2016,12
27,Isiolo,11,2,19,65.6,90,2016,12
28,Nyandarua,3,3,23,89.7,90,2016,12
29,Meru,3,0,22,88.0,90,2016,12
30,Tharaka Nithi,1,1,23,96.0,90,2016,12
31,Kitui,8,6,9,65.2,90,2016,12
32,Garissa,2,1,15,88.9,90,2016,12
33,Vihiga,3,10,4,82.4,90,2016,12
34,Makueni,2,1,14,88.2,90,2016,12
35,Machakos,4,0,8,66.7,90,2016,12
36,Baringo,6,0,3,33.3,90,2016,12
37,Kwale,1,0,7,87.5,90,2016,12
38,Laikipia,0,0,6,100.0,90,2016,12
39,Taita Taveta,2,0,3,60.0,90,2016,12
40,Marsabit,2,0,2,50.0,90,2016,12
41,Samburu,0,0,0,0.0,90,2016,12
42,Wajir,0,0,0,0.0,90,2016,12
43,Tana River,0,0,0,0.0,90,2016,12
44,Mandera,0,0,0,0.0,90,2016,12
45,Nyamira,0,0,0,0.0,90,2016,12
46,Lamu,0,0,0,0.0,90,2016,12
0,Nairobi,1634,1810,4160,78.5,90,2017,1
1,Homa Bay,1359,3693,2088,81.0,90,2017,1
2,Siaya,2018,3799,1220,71.3,90,2017,1
3,Kisumu,1182,1984,3122,81.2,90,2017,1
4,Migori,483,452,2264,84.9,90,2017,1
5,Nakuru,680,124,2251,77.7,90,2017,1
6,Busia,865,581,1394,69.5,90,2017,1
7,Kakamega,737,261,1819,73.8,90,2017,1
8,Uasin Gishu,542,791,1058,77.3,90,2017,1
9,Kiambu,358,206,1584,83.3,90,2017,1
10,Machakos,377,75,1640,82.0,90,2017,1
11,Makueni,301,56,1466,83.5,90,2017,1
12,Kitui,335,49,1307,80.2,90,2017,1
13,Meru,323,57,1290,80.7,90,2017,1
14,Kajiado,343,55,977,75.1,90,2017,1
15,Mombasa,226,80,1037,83.2,90,2017,1
16,Bungoma,361,117,719,69.8,90,2017,1
17,Nyeri,178,95,831,83.9,90,2017,1
18,Vihiga,310,99,690,71.8,90,2017,1
19,Kirinyaga,110,132,673,88.0,90,2017,1
20,Kisii,135,175,592,85.0,90,2017,1
21,Trans Nzoia,187,387,284,78.2,90,2017,1
22,Narok,267,48,522,68.1,90,2017,1
23,Nyandarua,132,26,601,82.6,90,2017,1
24,Laikipia,153,29,548,79.0,90,2017,1
25,Muranga,87,44,560,87.4,90,2017,1
26,Kericho,121,105,451,82.1,90,2017,1
27,Embu,148,19,493,77.6,90,2017,1
28,Tharaka Nithi,113,22,400,78.9,90,2017,1
29,Nyamira,118,35,316,74.8,90,2017,1
30,Bomet,104,77,274,77.1,90,2017,1
31,Nandi,103,102,246,77.2,90,2017,1
32,Baringo,109,13,286,73.3,90,2017,1
33,Kilifi,76,27,299,81.1,90,2017,1
34,Turkana,166,12,201,56.2,90,2017,1
35,Taita Taveta,75,13,168,70.7,90,2017,1
36,Kwale,49,14,140,75.9,90,2017,1
37,Elgeyo Marakwet,49,7,107,69.9,90,2017,1
38,West Pokot,45,8,80,66.2,90,2017,1
39,Samburu,37,1,43,54.3,90,2017,1
40,Lamu,16,3,48,76.1,90,2017,1
41,Garissa,16,2,44,74.2,90,2017,1
42,Tana River,22,2,37,63.9,90,2017,1
43,Marsabit,3,1,38,92.9,90,2017,1
44,Mandera,13,0,23,63.9,90,2017,1
45,Isiolo,6,0,22,78.6,90,2017,1
46,Wajir,0,0,0,0.0,90,2017,1
0,Nairobi,1335,1213,7249,86.4,90,2017,2
1,Homa Bay,1673,4034,3824,82.4,90,2017,2
2,Kisumu,1493,2794,5042,84.0,90,2017,2
3,Siaya,1678,3773,2546,79.0,90,2017,2
4,Migori,844,555,4308,85.2,90,2017,2
5,Kakamega,909,227,2423,74.5,90,2017,2
6,Nakuru,802,142,2481,76.6,90,2017,2
7,Busia,768,887,1381,74.7,90,2017,2
8,Uasin Gishu,622,1265,832,77.1,90,2017,2
9,Kisii,346,409,1673,85.7,90,2017,2
10,Kiambu,292,292,1691,87.2,90,2017,2
11,Bungoma,597,175,1277,70.9,90,2017,2
12,Vihiga,492,81,1310,73.9,90,2017,2
13,Machakos,383,65,1434,79.6,90,2017,2
14,Kitui,266,67,1340,84.1,90,2017,2
15,Nyamira,439,41,1012,70.6,90,2017,2
16,Makueni,278,48,1104,80.6,90,2017,2
17,Nyeri,155,112,1116,88.8,90,2017,2
18,Kericho,214,215,823,82.9,90,2017,2
19,Kilifi,252,145,738,77.8,90,2017,2
20,Mombasa,201,65,783,80.8,90,2017,2
21,Muranga,123,84,790,87.7,90,2017,2
22,Nandi,194,199,527,78.9,90,2017,2
23,Trans Nzoia,207,286,420,77.3,90,2017,2
24,Bomet,180,167,550,79.9,90,2017,2
25,Kajiado,198,30,633,77.0,90,2017,2
26,Meru,171,22,666,80.1,90,2017,2
27,Narok,145,76,529,80.7,90,2017,2
28,Kirinyaga,96,69,476,85.0,90,2017,2
29,Turkana,215,20,288,58.9,90,2017,2
30,Laikipia,98,13,396,80.7,90,2017,2
31,Embu,124,10,348,74.3,90,2017,2
32,Kwale,123,31,302,73.0,90,2017,2
33,Nyandarua,74,14,293,80.6,90,2017,2
34,Baringo,85,21,213,73.4,90,2017,2
35,Taita Taveta,86,13,203,71.5,90,2017,2
36,Tharaka Nithi,71,9,195,74.2,90,2017,2
37,Elgeyo Marakwet,76,14,154,68.9,90,2017,2
38,West Pokot,86,8,148,64.5,90,2017,2
39,Lamu,45,20,119,75.5,90,2017,2
40,Samburu,47,3,26,38.2,90,2017,2
41,Marsabit,4,1,63,94.1,90,2017,2
42,Isiolo,14,0,26,65.0,90,2017,2
43,Garissa,13,0,14,51.9,90,2017,2
44,Tana River,3,0,6,66.7,90,2017,2
45,Wajir,0,0,1,100.0,90,2017,2
46,Mandera,0,0,0,0.0,90,2017,2
0,Nairobi,2270,3317,9329,84.8,90,2017,3
1,Kisumu,1991,3010,5804,81.6,90,2017,3
2,Homa Bay,1965,3200,4545,79.8,90,2017,3
3,Siaya,2051,3665,3200,77.0,90,2017,3
4,Migori,951,397,4872,84.7,90,2017,3
5,Busia,611,865,2013,82.5,90,2017,3
6,Kakamega,645,192,2261,79.2,90,2017,3
7,Kiambu,310,212,2478,89.7,90,2017,3
8,Nakuru,668,93,2218,77.6,90,2017,3
9,Uasin Gishu,841,660,1368,70.7,90,2017,3
10,Mombasa,501,208,1887,80.7,90,2017,3
11,Kisii,397,538,1628,84.5,90,2017,3
12,Bungoma,509,121,1272,73.2,90,2017,3
13,Nyeri,166,118,1158,88.5,90,2017,3
14,Kitui,275,35,1128,80.9,90,2017,3
15,Nyamira,415,32,963,70.6,90,2017,3
16,Machakos,282,25,1083,79.7,90,2017,3
17,Muranga,159,87,986,87.1,90,2017,3
18,Vihiga,225,29,960,81.5,90,2017,3
19,Kilifi,330,63,706,70.0,90,2017,3
20,Trans Nzoia,327,245,508,69.7,90,2017,3
21,Kericho,173,156,712,83.4,90,2017,3
22,Makueni,168,31,839,83.8,90,2017,3
23,Turkana,361,8,548,60.6,90,2017,3
24,Bomet,145,138,537,82.3,90,2017,3
25,Nandi,220,141,430,72.2,90,2017,3
26,Kajiado,145,28,433,76.1,90,2017,3
27,Meru,136,27,430,77.1,90,2017,3
28,Kirinyaga,76,46,470,87.2,90,2017,3
29,Narok,133,56,385,76.8,90,2017,3
30,Kwale,155,27,301,67.9,90,2017,3
31,Laikipia,88,12,327,79.4,90,2017,3
32,Embu,93,18,284,76.5,90,2017,3
33,Tharaka Nithi,79,6,249,76.3,90,2017,3
34,Taita Taveta,115,22,177,63.4,90,2017,3
35,Nyandarua,55,13,185,78.3,90,2017,3
36,Elgeyo Marakwet,88,1,131,60.0,90,2017,3
37,Baringo,57,8,146,73.0,90,2017,3
38,West Pokot,55,0,114,67.5,90,2017,3
39,Lamu,38,6,68,66.1,90,2017,3
40,Marsabit,1,0,34,97.1,90,2017,3
41,Samburu,16,0,14,46.7,90,2017,3
42,Garissa,5,1,5,54.5,90,2017,3
43,Tana River,6,0,2,25.0,90,2017,3
44,Isiolo,0,0,0,0.0,90,2017,3
45,Wajir,0,0,0,0.0,90,2017,3
46,Mandera,0,0,0,0.0,90,2017,3
0,Nairobi,1491,2072,6286,84.9,90,2017,4
1,Siaya,1567,4481,2786,82.3,90,2017,4
2,Homa Bay,1276,4003,3453,85.4,90,2017,4
3,Kisumu,1147,3241,4295,86.8,90,2017,4
4,Mombasa,769,391,4605,86.7,90,2017,4
5,Migori,468,452,2949,87.9,90,2017,4
6,Kiambu,368,263,2275,87.3,90,2017,4
7,Kakamega,563,121,2082,79.6,90,2017,4
8,Nakuru,465,84,1877,80.8,90,2017,4
9,Uasin Gishu,294,539,1573,87.8,90,2017,4
10,Busia,396,319,1519,82.3,90,2017,4
11,Bungoma,435,189,1414,78.7,90,2017,4
12,Machakos,395,82,1550,80.5,90,2017,4
13,Kilifi,383,221,1368,80.6,90,2017,4
14,Kisii,259,297,1217,85.4,90,2017,4
15,Makueni,314,56,1365,81.9,90,2017,4
16,Kitui,284,74,1361,83.5,90,2017,4
17,Muranga,175,101,995,86.2,90,2017,4
18,Vihiga,193,41,834,81.9,90,2017,4
19,Kajiado,230,30,747,77.2,90,2017,4
20,Trans Nzoia,135,256,478,84.5,90,2017,4
21,Nyamira,231,27,592,72.8,90,2017,4
22,Laikipia,136,36,674,83.9,90,2017,4
23,Nyeri,108,104,617,87.0,90,2017,4
24,Meru,151,32,633,81.5,90,2017,4
25,Kirinyaga,74,83,570,89.8,90,2017,4
26,Kericho,104,112,467,84.8,90,2017,4
27,Embu,135,23,505,79.6,90,2017,4
28,Narok,142,45,435,77.2,90,2017,4
29,Bomet,106,100,386,82.1,90,2017,4
30,Nyandarua,113,25,444,80.6,90,2017,4
31,Nandi,85,105,338,83.9,90,2017,4
32,Kwale,122,13,269,69.8,90,2017,4
33,Turkana,146,14,235,63.0,90,2017,4
34,Tharaka Nithi,86,10,296,78.1,90,2017,4
35,Taita Taveta,86,8,194,70.1,90,2017,4
36,Elgeyo Marakwet,81,21,168,70.0,90,2017,4
37,Baringo,59,10,177,76.0,90,2017,4
38,West Pokot,32,1,100,75.9,90,2017,4
39,Lamu,21,1,77,78.8,90,2017,4
40,Garissa,26,4,43,64.4,90,2017,4
41,Marsabit,7,0,29,80.6,90,2017,4
42,Samburu,15,2,16,54.5,90,2017,4
43,Mandera,9,1,15,64.0,90,2017,4
44,Isiolo,5,2,11,72.2,90,2017,4
45,Tana River,7,1,10,61.1,90,2017,4
46,Wajir,0,0,0,0.0,90,2017,4
0,Nairobi,2128,2487,11875,87.1,90,2017,5
1,Siaya,2052,6571,3213,82.7,90,2017,5
2,Kisumu,1313,4006,4704,86.9,90,2017,5
3,Homa Bay,1255,4217,4466,87.4,90,2017,5
4,Migori,828,714,5927,88.9,90,2017,5
5,Kiambu,454,327,3963,90.4,90,2017,5
6,Mombasa,687,323,3108,83.3,90,2017,5
7,Kisii,394,468,2617,88.7,90,2017,5
8,Nakuru,620,73,2502,80.6,90,2017,5
9,Uasin Gishu,314,616,1807,88.5,90,2017,5
10,Machakos,427,83,1985,82.9,90,2017,5
11,Kakamega,503,108,1758,78.8,90,2017,5
12,Kitui,370,61,1819,83.6,90,2017,5
13,Nyeri,264,174,1695,87.6,90,2017,5
14,Makueni,384,65,1655,81.7,90,2017,5
15,Busia,284,211,1484,85.6,90,2017,5
16,Muranga,229,138,1609,88.4,90,2017,5
17,Bungoma,339,125,1304,80.8,90,2017,5
18,Meru,344,29,1281,79.2,90,2017,5
19,Kilifi,332,210,1096,79.7,90,2017,5
20,Kericho,214,197,1104,85.9,90,2017,5
21,Embu,230,43,908,80.5,90,2017,5
22,Kirinyaga,117,117,936,90.0,90,2017,5
23,Kajiado,245,30,892,79.0,90,2017,5
24,Bomet,145,157,769,86.5,90,2017,5
25,Vihiga,183,29,801,81.9,90,2017,5
26,Nyamira,257,15,684,73.1,90,2017,5
27,Trans Nzoia,147,179,589,83.9,90,2017,5
28,Nandi,158,124,594,82.0,90,2017,5
29,Kwale,195,41,599,76.6,90,2017,5
30,Nyandarua,140,26,576,81.1,90,2017,5
31,Laikipia,127,18,592,82.8,90,2017,5
32,Narok,153,56,526,79.2,90,2017,5
33,Turkana,231,27,372,63.3,90,2017,5
34,Taita Taveta,139,17,463,77.5,90,2017,5
35,Baringo,122,21,428,78.6,90,2017,5
36,Tharaka Nithi,71,7,229,76.9,90,2017,5
37,Elgeyo Marakwet,53,4,136,72.5,90,2017,5
38,West Pokot,30,4,106,78.6,90,2017,5
39,Tana River,39,1,87,69.3,90,2017,5
40,Lamu,38,5,70,66.4,90,2017,5
41,Garissa,13,1,64,83.3,90,2017,5
42,Marsabit,15,1,51,77.6,90,2017,5
43,Samburu,21,1,30,59.6,90,2017,5
44,Isiolo,13,1,34,72.9,90,2017,5
45,Wajir,0,0,0,0.0,90,2017,5
46,Mandera,0,0,0,0.0,90,2017,5
0,Nairobi,1605,1730,8481,86.4,90,2017,6
1,Homa Bay,1204,4050,3597,86.4,90,2017,6
2,Kisumu,1151,3837,3350,86.2,90,2017,6
3,Siaya,1256,4787,1843,84.1,90,2017,6
4,Migori,762,883,3575,85.4,90,2017,6
5,Kakamega,811,154,3164,80.4,90,2017,6
6,Nakuru,550,62,3185,85.5,90,2017,6
7,Mombasa,405,232,2805,88.2,90,2017,6
8,Machakos,474,72,2685,85.3,90,2017,6
9,Busia,448,521,2041,85.1,90,2017,6
10,Kiambu,290,210,2070,88.7,90,2017,6
11,Meru,446,52,1949,81.8,90,2017,6
12,Bungoma,475,125,1766,79.9,90,2017,6
13,Uasin Gishu,354,823,1159,84.8,90,2017,6
14,Kisii,274,374,1633,88.0,90,2017,6
15,Kitui,311,40,1634,84.3,90,2017,6
16,Makueni,293,40,1625,85.0,90,2017,6
17,Kilifi,280,79,1518,85.1,90,2017,6
18,Laikipia,167,18,1062,86.6,90,2017,6
19,Vihiga,214,37,958,82.3,90,2017,6
20,Nyamira,284,25,858,75.7,90,2017,6
21,Kajiado,188,22,950,83.8,90,2017,6
22,Muranga,115,78,909,89.6,90,2017,6
23,Nyeri,97,78,885,90.8,90,2017,6
24,Trans Nzoia,185,343,485,81.7,90,2017,6
25,Kericho,181,186,635,81.9,90,2017,6
26,Tharaka Nithi,168,23,739,81.9,90,2017,6
27,Nyandarua,121,20,765,86.6,90,2017,6
28,Embu,154,22,704,82.5,90,2017,6
29,Kwale,137,22,666,83.4,90,2017,6
30,Turkana,289,15,475,62.9,90,2017,6
31,Taita Taveta,135,5,591,81.5,90,2017,6
32,Narok,142,33,528,79.8,90,2017,6
33,Kirinyaga,70,60,561,89.9,90,2017,6
34,Nandi,111,117,406,82.5,90,2017,6
35,Bomet,109,76,373,80.5,90,2017,6
36,Baringo,92,16,306,77.8,90,2017,6
37,Elgeyo Marakwet,43,8,179,81.3,90,2017,6
38,Lamu,51,3,129,72.1,90,2017,6
39,Marsabit,41,1,133,76.6,90,2017,6
40,West Pokot,23,1,112,83.1,90,2017,6
41,Tana River,30,2,56,65.9,90,2017,6
42,Samburu,37,3,42,54.9,90,2017,6
43,Garissa,9,3,32,79.5,90,2017,6
44,Isiolo,5,0,6,54.5,90,2017,6
45,Wajir,0,0,2,100.0,90,2017,6
46,Mandera,0,0,0,0.0,90,2017,6
0,Nairobi,1598,1846,9940,88.1,90,2017,7
1,Kisumu,1153,4605,5036,89.3,90,2017,7
2,Homa Bay,1298,4321,4587,87.3,90,2017,7
3,Siaya,1018,3406,2443,85.2,90,2017,7
4,Migori,675,1059,4952,89.9,90,2017,7
5,Kakamega,617,266,3167,84.8,90,2017,7
6,Nakuru,415,43,3408,89.3,90,2017,7
7,Kiambu,365,270,3184,90.4,90,2017,7
8,Busia,417,743,2463,88.5,90,2017,7
9,Kisii,357,408,2442,88.9,90,2017,7
10,Mombasa,441,349,2237,85.4,90,2017,7
11,Machakos,273,12,2554,90.4,90,2017,7
12,Bungoma,506,192,2000,81.2,90,2017,7
13,Uasin Gishu,390,864,1032,82.9,90,2017,7
14,Meru,309,5,1647,84.2,90,2017,7
15,Makueni,238,9,1581,87.0,90,2017,7
16,Kilifi,297,68,1447,83.6,90,2017,7
17,Nyeri,194,105,1459,89.0,90,2017,7
18,Kitui,192,10,1519,88.8,90,2017,7
19,Nyamira,251,19,1054,81.0,90,2017,7
20,Vihiga,214,21,1041,83.2,90,2017,7
21,Kericho,199,136,802,82.5,90,2017,7
22,Muranga,124,70,900,88.7,90,2017,7
23,Trans Nzoia,203,338,495,80.4,90,2017,7
24,Kajiado,142,15,878,86.3,90,2017,7
25,Embu,159,15,860,84.6,90,2017,7
26,Kwale,147,27,829,85.3,90,2017,7
27,Tharaka Nithi,167,4,808,82.9,90,2017,7
28,Kirinyaga,107,66,764,88.6,90,2017,7
29,Laikipia,137,12,781,85.3,90,2017,7
30,Turkana,273,28,521,66.8,90,2017,7
31,Narok,119,56,612,84.9,90,2017,7
32,Bomet,130,97,539,83.0,90,2017,7
33,Taita Taveta,114,2,609,84.3,90,2017,7
34,Nandi,103,148,430,84.9,90,2017,7
35,Nyandarua,93,12,565,86.1,90,2017,7
36,Samburu,93,2,189,67.3,90,2017,7
37,West Pokot,44,5,228,84.1,90,2017,7
38,Baringo,34,6,220,86.9,90,2017,7
39,Garissa,24,1,168,87.6,90,2017,7
40,Elgeyo Marakwet,35,5,148,81.4,90,2017,7
41,Isiolo,36,0,126,77.8,90,2017,7
42,Lamu,24,1,114,82.7,90,2017,7
43,Marsabit,31,0,43,58.1,90,2017,7
44,Tana River,10,1,43,81.5,90,2017,7
45,Mandera,14,0,31,68.9,90,2017,7
46,Wajir,0,0,15,100.0,90,2017,7
0,Nairobi,1070,1648,5842,87.5,90,2017,8
1,Kisumu,682,2516,2185,87.3,90,2017,8
2,Homa Bay,667,2371,1980,86.7,90,2017,8
3,Migori,599,1038,1874,82.9,90,2017,8
4,Siaya,428,1517,901,85.0,90,2017,8
5,Kakamega,316,195,1777,86.2,90,2017,8
6,Busia,222,627,1177,89.0,90,2017,8
7,Mombasa,352,334,1279,82.1,90,2017,8
8,Bungoma,391,269,1287,79.9,90,2017,8
9,Uasin Gishu,414,794,730,78.6,90,2017,8
10,Kilifi,304,246,1026,80.7,90,2017,8
11,Kiambu,168,115,1236,88.9,90,2017,8
12,Kisii,115,255,769,89.9,90,2017,8
13,Trans Nzoia,157,403,373,83.2,90,2017,8
14,Nyeri,92,59,706,89.3,90,2017,8
15,Kericho,129,134,552,84.2,90,2017,8
16,Muranga,59,56,645,92.2,90,2017,8
17,Bomet,135,122,439,80.6,90,2017,8
18,Vihiga,108,21,550,84.1,90,2017,8
19,Nakuru,70,16,592,89.7,90,2017,8
20,Nandi,98,197,351,84.8,90,2017,8
21,Kirinyaga,63,91,478,90.0,90,2017,8
22,Nyamira,100,7,482,83.0,90,2017,8
23,Turkana,188,19,314,63.9,90,2017,8
24,Machakos,42,4,393,90.4,90,2017,8
25,Kwale,67,53,225,80.6,90,2017,8
26,West Pokot,52,19,225,82.4,90,2017,8
27,Elgeyo Marakwet,60,9,223,79.5,90,2017,8
28,Narok,28,44,169,88.4,90,2017,8
29,Laikipia,22,7,184,89.7,90,2017,8
30,Makueni,29,0,175,85.8,90,2017,8
31,Kajiado,17,13,142,90.1,90,2017,8
32,Baringo,16,8,148,90.7,90,2017,8
33,Meru,21,0,150,87.7,90,2017,8
34,Nyandarua,14,5,149,91.7,90,2017,8
35,Kitui,15,1,113,88.4,90,2017,8
36,Embu,11,3,82,88.5,90,2017,8
37,Taita Taveta,15,0,76,83.5,90,2017,8
38,Tharaka Nithi,16,2,51,76.8,90,2017,8
39,Isiolo,7,1,29,81.1,90,2017,8
40,Garissa,3,0,12,80.0,90,2017,8
41,Lamu,0,0,3,100.0,90,2017,8
42,Samburu,0,0,2,100.0,90,2017,8
43,Marsabit,0,0,0,0.0,90,2017,8
44,Wajir,0,0,0,0.0,90,2017,8
45,Tana River,0,0,0,0.0,90,2017,8
46,Mandera,0,0,0,0.0,90,2017,8
0,Nairobi,1645,2658,6230,84.4,90,2017,9
1,Homa Bay,748,2845,3042,88.7,90,2017,9
2,Kisumu,841,2316,3382,87.1,90,2017,9
3,Migori,596,887,3817,88.8,90,2017,9
4,Kakamega,660,295,3440,85.0,90,2017,9
5,Siaya,747,2371,1035,82.0,90,2017,9
6,Busia,731,1281,1822,80.9,90,2017,9
7,Nakuru,459,181,2812,86.7,90,2017,9
8,Mombasa,541,319,2254,82.6,90,2017,9
9,Uasin Gishu,473,990,1142,81.8,90,2017,9
10,Kiambu,345,210,2031,86.7,90,2017,9
11,Kilifi,487,157,1773,79.9,90,2017,9
12,Machakos,227,62,2121,90.6,90,2017,9
13,Meru,371,63,1870,83.9,90,2017,9
14,Makueni,271,57,1908,87.9,90,2017,9
15,Bungoma,538,443,1244,75.8,90,2017,9
16,Kitui,212,52,1686,89.1,90,2017,9
17,Kisii,261,474,1122,85.9,90,2017,9
18,Nyeri,152,159,1325,90.7,90,2017,9
19,Vihiga,184,42,1224,87.3,90,2017,9
20,Nyamira,235,35,1147,83.4,90,2017,9
21,Trans Nzoia,247,479,571,81.0,90,2017,9
22,Nandi,195,298,594,82.1,90,2017,9
23,Laikipia,166,32,823,83.7,90,2017,9
24,Tharaka Nithi,195,31,790,80.8,90,2017,9
25,Kajiado,189,24,796,81.3,90,2017,9
26,Muranga,155,89,764,84.6,90,2017,9
27,Embu,173,26,788,82.5,90,2017,9
28,Taita Taveta,201,30,725,79.0,90,2017,9
29,Kericho,100,138,571,87.6,90,2017,9
30,Nyandarua,122,25,639,84.5,90,2017,9
31,Kwale,162,19,463,74.8,90,2017,9
32,Turkana,227,32,371,64.0,90,2017,9
33,Kirinyaga,80,54,495,87.3,90,2017,9
34,Narok,88,74,462,85.9,90,2017,9
35,Bomet,140,102,367,77.0,90,2017,9
36,West Pokot,55,13,413,88.6,90,2017,9
37,Isiolo,113,9,351,76.1,90,2017,9
38,Baringo,75,13,327,81.9,90,2017,9
39,Elgeyo Marakwet,60,15,180,76.5,90,2017,9
40,Marsabit,67,4,150,69.7,90,2017,9
41,Lamu,60,7,121,68.1,90,2017,9
42,Samburu,57,4,125,69.4,90,2017,9
43,Garissa,29,4,118,80.8,90,2017,9
44,Tana River,58,7,86,61.6,90,2017,9
45,Mandera,6,0,18,75.0,90,2017,9
46,Wajir,0,0,1,100.0,90,2017,9
0,Nairobi,1726,2315,8619,86.4,90,2017,10
1,Homa Bay,1140,3261,5507,88.5,90,2017,10
2,Kisumu,1064,2925,4528,87.5,90,2017,10
3,Siaya,1014,2418,2479,82.8,90,2017,10
4,Migori,551,561,3637,88.4,90,2017,10
5,Nakuru,428,282,2621,87.2,90,2017,10
6,Kisii,352,470,2345,88.9,90,2017,10
7,Kiambu,353,273,2471,88.6,90,2017,10
8,Kakamega,468,267,2273,84.4,90,2017,10
9,Mombasa,345,284,1927,86.5,90,2017,10
10,Makueni,230,55,1873,89.3,90,2017,10
11,Machakos,223,54,1678,88.6,90,2017,10
12,Busia,388,569,933,79.5,90,2017,10
13,Kitui,223,37,1501,87.3,90,2017,10
14,Uasin Gishu,240,597,746,84.8,90,2017,10
15,Meru,248,33,1172,82.9,90,2017,10
16,Nyeri,131,165,1094,90.6,90,2017,10
17,Bungoma,318,229,803,76.4,90,2017,10
18,Kilifi,192,110,993,85.2,90,2017,10
19,Kajiado,135,64,1063,89.3,90,2017,10
20,Muranga,97,137,818,90.8,90,2017,10
21,Nyamira,187,41,800,81.8,90,2017,10
22,Kericho,154,142,703,84.6,90,2017,10
23,Vihiga,110,27,681,86.6,90,2017,10
24,Laikipia,97,25,663,87.6,90,2017,10
25,Bomet,154,112,508,80.1,90,2017,10
26,Nandi,148,159,463,80.8,90,2017,10
27,Nyandarua,98,26,632,87.0,90,2017,10
28,Trans Nzoia,104,212,427,86.0,90,2017,10
29,Tharaka Nithi,134,17,493,79.2,90,2017,10
30,Narok,88,62,416,84.5,90,2017,10
31,Kirinyaga,34,33,435,93.2,90,2017,10
32,Embu,79,35,378,83.9,90,2017,10
33,Kwale,66,24,298,83.0,90,2017,10
34,Turkana,119,13,235,67.6,90,2017,10
35,Baringo,63,6,204,76.9,90,2017,10
36,West Pokot,31,6,232,88.5,90,2017,10
37,Taita Taveta,44,12,194,82.4,90,2017,10
38,Elgeyo Marakwet,31,7,126,81.1,90,2017,10
39,Garissa,16,4,131,89.4,90,2017,10
40,Isiolo,35,5,99,74.8,90,2017,10
41,Wajir,17,2,73,81.5,90,2017,10
42,Marsabit,19,1,64,77.4,90,2017,10
43,Samburu,29,2,51,64.6,90,2017,10
44,Lamu,16,4,55,78.7,90,2017,10
45,Tana River,19,1,47,71.6,90,2017,10
46,Mandera,0,0,0,0.0,90,2017,10
0,Nairobi,1969,3651,7114,84.5,90,2017,11
1,Homa Bay,1219,3999,4894,87.9,90,2017,11
2,Kisumu,1118,3359,4278,87.2,90,2017,11
3,Siaya,1515,3894,1888,79.2,90,2017,11
4,Migori,664,920,4102,88.3,90,2017,11
5,Kakamega,532,309,2809,85.4,90,2017,11
6,Mombasa,478,424,2129,84.2,90,2017,11
7,Kisii,302,324,1870,87.9,90,2017,11
8,Nakuru,279,116,1997,88.3,90,2017,11
9,Kiambu,233,194,1728,89.2,90,2017,11
10,Busia,403,765,951,81.0,90,2017,11
11,Machakos,191,34,1552,89.3,90,2017,11
12,Uasin Gishu,280,632,710,82.7,90,2017,11
13,Kilifi,281,69,1206,81.9,90,2017,11
14,Bungoma,315,248,911,78.6,90,2017,11
15,Vihiga,167,43,1101,87.3,90,2017,11
16,Kitui,205,35,1052,84.1,90,2017,11
17,Nyeri,110,76,1052,91.1,90,2017,11
18,Makueni,142,21,1063,88.4,90,2017,11
19,Meru,212,29,934,82.0,90,2017,11
20,Nyamira,214,27,780,79.0,90,2017,11
21,Kericho,123,113,681,86.6,90,2017,11
22,Muranga,81,56,729,90.6,90,2017,11
23,Nandi,121,155,517,84.7,90,2017,11
24,Trans Nzoia,137,234,362,81.3,90,2017,11
25,Kajiado,70,27,579,89.6,90,2017,11
26,Kirinyaga,74,59,487,88.1,90,2017,11
27,Bomet,101,53,419,82.4,90,2017,11
28,Embu,81,22,387,83.5,90,2017,11
29,Laikipia,78,21,390,84.0,90,2017,11
30,Turkana,144,22,285,68.1,90,2017,11
31,Narok,70,41,312,83.5,90,2017,11
32,Tharaka Nithi,80,5,335,81.0,90,2017,11
33,Kwale,98,29,259,74.6,90,2017,11
34,Nyandarua,36,10,293,89.4,90,2017,11
35,Taita Taveta,95,9,230,71.6,90,2017,11
36,Baringo,45,11,166,79.7,90,2017,11
37,Elgeyo Marakwet,62,5,150,71.4,90,2017,11
38,Lamu,43,6,116,73.9,90,2017,11
39,West Pokot,18,5,122,87.6,90,2017,11
40,Isiolo,33,5,67,68.6,90,2017,11
41,Tana River,20,2,57,74.7,90,2017,11
42,Marsabit,14,1,32,70.2,90,2017,11
43,Garissa,6,0,33,84.6,90,2017,11
44,Mandera,11,1,25,70.3,90,2017,11
45,Samburu,17,1,16,50.0,90,2017,11
46,Wajir,5,2,26,84.8,90,2017,11
0,Nairobi,1900,3504,7277,85.0,90,2017,12
1,Kisumu,815,2507,2398,85.8,90,2017,12
2,Homa Bay,708,2418,2497,87.4,90,2017,12
3,Siaya,820,2886,1469,84.2,90,2017,12
4,Migori,579,825,2871,86.5,90,2017,12
5,Kiambu,351,312,2105,87.3,90,2017,12
6,Mombasa,224,217,1435,88.1,90,2017,12
7,Kisii,196,243,1168,87.8,90,2017,12
8,Nyeri,152,154,1198,89.9,90,2017,12
9,Kakamega,244,257,1000,83.7,90,2017,12
10,Nakuru,192,87,1155,86.6,90,2017,12
11,Muranga,157,135,1114,88.8,90,2017,12
12,Busia,218,422,593,82.3,90,2017,12
13,Kirinyaga,103,109,735,89.1,90,2017,12
14,Machakos,102,27,809,89.1,90,2017,12
15,Meru,183,22,706,79.9,90,2017,12
16,Uasin Gishu,176,323,361,79.5,90,2017,12
17,Nyandarua,115,25,714,86.5,90,2017,12
18,Kilifi,119,99,632,86.0,90,2017,12
19,Nyamira,137,18,613,82.2,90,2017,12
20,Kitui,94,24,627,87.4,90,2017,12
21,Bungoma,181,180,353,74.6,90,2017,12
22,Kericho,83,83,543,88.3,90,2017,12
23,Makueni,76,11,609,89.1,90,2017,12
24,Kajiado,72,30,491,87.9,90,2017,12
25,Embu,102,18,426,81.3,90,2017,12
26,Bomet,65,46,359,86.2,90,2017,12
27,Vihiga,53,24,381,88.4,90,2017,12
28,Narok,80,50,323,82.3,90,2017,12
29,Nandi,77,75,276,82.0,90,2017,12
30,Trans Nzoia,81,148,134,77.7,90,2017,12
31,Tharaka Nithi,60,10,222,79.5,90,2017,12
32,Kwale,46,14,230,84.1,90,2017,12
33,Laikipia,64,12,212,77.8,90,2017,12
34,Taita Taveta,56,8,183,77.3,90,2017,12
35,Turkana,66,15,166,73.3,90,2017,12
36,Baringo,32,7,125,80.5,90,2017,12
37,West Pokot,16,8,86,85.5,90,2017,12
38,Elgeyo Marakwet,25,5,39,63.8,90,2017,12
39,Lamu,15,0,31,67.4,90,2017,12
40,Garissa,13,0,32,71.1,90,2017,12
41,Tana River,10,1,10,52.4,90,2017,12
42,Isiolo,6,0,10,62.5,90,2017,12
43,Mandera,2,0,6,75.0,90,2017,12
44,Samburu,3,0,1,25.0,90,2017,12
45,Marsabit,1,1,1,66.7,90,2017,12
46,Wajir,0,0,0,0.0,90,2017,12
